"base_note","product_id"
白葡萄柚,1
弗吉尼亞雪松,2
檀香木前調蘋果,3
李子,4
麝香,5
樺木,6
零陵香豆,7
安息香,8
黃檀,9
檀香,10
橡苔,11
麝香,12
零陵香豆,13
牛奶,14
nan,15
麝香,16
木質元素,17
海洋元素,18
檀香,19
椰子,20
麝香,21
香根草,22
麝香,23
檀香,24
廣藿香,25
香根草麂皮藿香木香,26
烏木,27
麝香,28
杏,29
檀木,30
琥珀,31
麝香,32
鹽,33
香草,34
琥珀,35
羊絨木,36
安息香,37
零陵香豆,38
香草,39
灰色琥珀,40
麝香羊絨木,41
檀香木,42
零陵香豆,43
麝香,44
安息香脂,45
香根草,46
雪松,47
迷迭香,48
零陵香豆,49
雪松,50
孜然,51
香根草,52
豆,53
琥珀,54
皮革,55
巨礫,56
香草,57
麝香,58
紫羅蘭糖果,59
雪松,60
檀香,61
香根草,62
橙花,63
琥珀,64
檀木,65
焦糖,66
羊絨木,67
香草,68
廣藿香,69
零陵香豆,70
香草,71
安息香,72
麝香,73
雪松,74
沉香,75
廣藿香,76
唐卡豆,77
法國,78
廣藿香,79
苔蘚,80
檀香木,81
馬達加斯加香草,82
廣藿香,83
雪松,84
香根草,85
安息香,86
雪松,87
廣藿香,88
玫瑰蜂蜜,89
檀香,90
琥珀,91
桃花心木,92
香根草,93
桃李,94
香根草,95
香草,96
澳洲檀香木,97
降龍涎香醚,98
木香調,99
廣藿香,100
龍涎香,101
苔蘚,102
琥珀,103
愈創木,104
老撾烏,105
印尼廣藿香葉,106
檀香,107
琥珀,108
橡苔,109
香草,110
粉紅胡椒,111
咖啡,112
琥珀,113
雪松,114
檀香木,115
琥珀,116
芳香草藥,117
柚木,118
琥珀,119
雪松,120
麝香,121
香根草,122
麝香,123
木香,124
綠色元素,125
雪松風信子,126
麝香,127
檀香,128
琥珀,129
皮革,130
橡樹苔,131
拉巴丹奴姆,132
廣藿香,133
麝香,134
雪松,135
琥珀,136
暹羅安息香,137
雪松弗吉尼亞州,138
麝香,139
琥珀,140
佳美,141
廣藿香,142
安息香,143
香根草,144
雪松,145
香草,146
橡樹,147
雪松,148
香根草,149
香草豆,150
香草,151
木香,152
橡木苔,153
沉香木,154
皮革,155
香根草,156
廣藿香,157
雪松,158
晚香玉,159
廣藿香,160
香根草,161
苔蘚,162
琥珀,163
琥珀,164
廣藿香,165
雪松,166
桃花心木,167
廣藿香,168
橡苔,169
香,170
琥珀,171
香草,172
香根草,173
琥珀,174
麝香,175
廣藿香,176
冷杉,177
雪松,178
檀香木,179
龍涎香,180
蘋果,181
茉莉,182
雪松勞丹脂,183
琥珀,184
廣藿香,185
檀香,186
檀香,187
香草,188
麝香,189
廣藿香,190
海地香根草,191
留尼汪香草,192
白麝香,193
水晶苔,194
暖色木材,195
奶油檀香,196
麝香琥珀檀香雪松雲呢拿,197
廣藿香,198
勞丹脂,199
香草,200
廣藿香,201
琥珀,202
麝香,203
香草,204
檀香,205
癒創木,206
廣藿香,207
麝香,208
廣藿香,209
香根草,210
香根草,211
柏樹,212
廣藿香,213
麝香,214
琥珀,215
香草,216
祕魯香脂,217
喀什米爾木,218
麝香,219
癒創木,220
香根草,221
香根草,222
皮革,223
雪松,224
茉莉,225
麝香,226
廣藿香,227
琥珀,228
燻草豆,229
琥珀,230
零陵香豆琥珀香草香根草麝香欖香脂,231
香草,232
檀香,233
白麝香,234
牛奶,235
香根草癒創木皮革,236
廣藿香,237
麝香,238
馬達加斯加香草,239
廣藿香,240
弗吉尼亞雪松,241
麝香,242
廣藿香,243
雪松,244
琥珀木,245
琥珀,246
香根草,247
香草,248
香根草,249
檀香,250
廣藿香,251
雪松,252
琥珀,253
皮革,254
乳香,255
檀香,256
琥珀,257
廣藿香,258
雪松,259
橡苔,260
法國勞丹脂,261
檀香,262
廣藿香,263
零陵香豆,264
麝香,265
琥珀,266
香草,267
橡木,268
香根草,269
白琥珀,270
覆盆子,271
羊絨木,272
麝香,273
羊絨木,274
檀香木,275
煙草,276
琥珀,277
檀香木,278
香根草,279
檀香,280
香草,281
白麝香,282
暹羅安息香,283
鳶尾草,284
香草,285
白麝香,286
龍涎香,287
琥珀木,288
麝香錦葵,289
nan,290
零陵香豆,291
琥珀,292
焚香,293
琥珀,294
麝香,295
琥珀,296
香草,297
檀香,298
零陵香豆,299
雪松,300
檀香,301
麝香,302
棉花,303
麝香雪松,304
香柏木,305
薰香,306
香根草,307
天鵝絨般的麝香,308
香豆,309
香根草,310
麝香,311
廣藿香,312
弗吉尼亞雪松,313
香草,314
廣藿香,315
癒創木,316
檀香木,317
含苔蘚蜜麝香琥珀,318
柏樹,319
癒創木,320
檀香木,321
麝香,322
琥珀,323
琥珀,324
廣藿香,325
香草,326
白木,327
豆,328
琥珀,329
麝香,330
橡木,331
香根草,332
雪松,333
羊絨木,334
白雪松提取物,335
麝香,336
洋甘菊,337
羅勒,338
廣藿香,339
零陵香,340
琥珀,341
廣藿香印尼,342
香根草,343
果子狸,344
香草,345
雪松木,346
紙莎草白琥珀,347
麝香,348
香根草,349
檀香木,350
雪松,351
檀木,352
龍涎香,353
橙花,354
雪松,355
蜂蜜,356
檀香,357
琥珀,358
雪松,359
檀香,360
香草,361
廣藿香,362
檀香,363
麝香,364
桃皮筆記,365
琥珀,366
珍貴木材協議,367
麝香,368
雪松,369
檀香,370
香根草,371
香草,372
琥珀,373
麝香,374
雪松,375
麝香,376
琥珀,377
木質元素,378
礦物琥珀,379
木香,380
鼠尾草,381
馬德拉斯木,382
黃葵籽,383
東加豆,384
琥珀木,385
麝香,386
雪松,387
琥珀,388
檀香,389
深香草,390
零陵香豆,391
廣藿香,392
橡苔,393
雪松,394
龍涎香,395
羊絨木,396
檀香木,397
廣藿香,398
安息香,399
煙薰香草,400
廣藿香,401
白麝香,402
香草,403
木本香調,404
廣藿香,405
香草,406
香根草,407
奶油,408
天芥菜,409
麝香,410
廣藿香,411
可可,412
蜂蜜,413
廣藿香,414
檀香,415
木質元素,416
麝香,417
北非雪松,418
喜馬拉雅雪松,419
佛吉尼亞雪松,420
麝香,421
白花,422
香草,423
黑莓,424
香根草,425
癒創木,426
香草,427
檀香,428
麝香,429
檀木,430
琥珀,431
雪松,432
麝香,433
橡樹苔,434
琥珀,435
安息香,436
肉桂,437
馬達加斯加香草,438
檀香木,439
安息香,440
西洋杉,441
香根,442
甜椒,443
香草,444
廣藿香,445
木香,446
降龍涎香醚,447
琥珀,448
廣藿香,449
皮革,450
沉香木,451
柑橘,452
木香,453
杜松,454
檀香,455
皮革,456
香根草,457
豆,458
琥珀,459
麝香,460
香草,461
肉桂,462
煙草,463
檀香木,464
龍涎香,465
皮革,466
帕杜裏,467
廣藿香,468
nan,469
白色光滑樹林,470
麝香,471
烏木,472
烏木,473
雪松,474
香根草,475
琥珀,476
零陵香豆,477
可可,478
琥珀木,479
黑香豆,480
麝香,481
琥珀,482
奶油木,483
天鵝絨,484
香根草,485
可可豆莢,486
雪松木麝香,487
樺木,488
香根草雪松白麝香,489
波斯樹脂,490
檀香,491
麝香,492
琥珀,493
香草,494
麝香,495
雪松,496
皮革,497
香,498
香根草,499
零陵香豆,500
大西洋香柏木,501
喀什米爾麝香,502
橡樹苔,503
廣藿香,504
琥珀木香,505
雪松木,506
水晶苔蘚,507
皮革,508
琥珀,509
廣藿香,510
麝香,511
橡苔,512
香草,513
香根草,514
蘭花菖蒲麝香,515
甘草,516
麝香,517
波旁香草,518
木,519
零陵香豆,520
檀香,521
香草,522
琥珀,523
麝香,524
覆盆子,525
廣藿香,526
沉香木沉香木,527
檀香木,528
暹羅安息香,529
安息香,530
麝香,531
香,532
檀香,533
琥珀,534
廣藿香,535
麝香,536
安息香,537
焦糖,538
香根草,539
香草,540
香根草,541
檀香木,542
廣藿香,543
雪松,544
香根草,545
安息香脂,546
麝香,547
清新木質香調沉澱歲月經典,548
皮革,549
檀香,550
藏紅花,551
沒藥,552
焦糖餅,553
香草奶油,554
冷杉,555
雪松,556
馬達加斯加香根草,557
橡苔,558
雪松,559
檀木,560
琥珀,561
廣藿香,562
濃鬱的花香融合了五月玫瑰,563
茉莉,564
充份混合後的香味讓您的心靈更接近更令女人柔美纖細的特質沉浮於粼粼波光中,565
樹,566
麝香,567
勞丹脂,568
皮革,569
琥珀,570
安息香,571
橡苔,572
香草,573
檀香,574
雪松,575
香草,576
野草,577
雪松,578
龍涎香,579
煙草,580
羊絨木,581
橡苔,582
雪松,583
麝香,584
雪松,585
麝香,586
龍涎香醚,587
香根草根,588
琥珀,589
麝香,590
香草,591
香草祕魯香脂克什米爾木,592
木香,593
廣藿香,594
薰草豆,595
白木,596
茉莉花,597
檀香樹,598
琥珀木,599
芙蓉除草劑,600
巖薔薇和乳香,601
龍涎香,602
雪松,603
廣藿香,604
檀香,605
麝香,606
檀香,607
麝香,608
nan,609
黃色的米拉貝李子花蜜,610
廣香,611
蜂蜜,612
感性迷人的木質調,613
羊絨木,614
香草,615
琥珀,616
麝香,617
檀木,618
麝香,619
朗姆酒,620
天竺葵,621
雪松,622
琥珀,623
蜂蜜,624
麝香,625
鳶尾花,626
薰香,627
勞丹脂,628
肉桂,629
焦糖,630
苯偶姻,631
麝香,632
蜂蜜,633
通卡豆,634
白麝香,635
檀木,636
琥珀,637
麝香,638
安息香,639
杜松,640
廣藿香,641
菸草,642
琥珀,643
麝香,644
香草,645
紫檀,646
白麝香,647
檀香木麝香克什米爾木鳶尾根,648
普通話葉,649
佛手柑,650
樺樹,651
雪松,652
檀香木,653
橄欖樹,654
印尼廣藿香,655
葉子,656
白麝香,657
琥珀色,658
檀香,659
麝香,660
雪松,661
檀香,662
麝香,663
苔蘚,664
廣藿香,665
琥珀,666
琥珀,667
果仁糖,668
琥珀,669
麝香,670
香草,671
檀香,672
雪松,673
麝香,674
白色麝香,675
琥珀,676
麝香,677
雪松,678
零陵香豆,679
伴侶,680
白麝香,681
柚木,682
檀香,683
零陵香豆,684
琥珀,685
白麝香,686
琥珀木,687
雞蛋花,688
麝香,689
焚香,690
桃,691
雪松木,692
橡苔,693
檀香,694
木白,695
麝香,696
雪松,697
廣藿香琥珀紫羅蘭,698
白木,699
琥珀,700
廣藿香,701
零陵香豆,702
安息香,703
龍涎香,704
白麝香,705
檀香,706
廣藿香,707
香根草,708
白麝香,709
雪松香根草降龍涎香醚,710
皮革煙草零陵香豆,711
白木麝香,712
麝香,713
木質琥珀,714
香料,715
琥珀,716
鳶尾花,717
麝香,718
安息香,719
廣藿香,720
白木,721
乳香,722
羊絨木,723
檀香,724
nan,725
廣藿香,726
大馬士革玫瑰精華,727
麝香,728
弗吉尼亞,729
雪松,730
皮革,731
廣藿香,732
烏德,733
勞丹脂,734
皮革,735
薰草豆,736
廣藿香,737
麝香,738
橡苔,739
麝香,740
木本,741
天花,742
橡木苔,743
皮革,744
麝香,745
檀香,746
廣藿香,747
白麝香,748
木質香,749
鳶尾花,750
廣藿香,751
香草,752
咖啡,753
焦糖,754
香草,755
檀香,756
麝香,757
琥珀,758
木質香,759
香草,760
檀香木,761
雪松,762
廣藿香,763
皮革,764
苦橙,765
龍涎香,766
雪松,767
琥珀,768
檀香木,769
琥珀,770
白麝香,771
琥珀,772
香草,773
勞丹脂,774
檀香木,775
香草,776
雪松,777
白麝香,778
麝香礦石零陵香豆番紅花香薰,779
白木香,780
麝香,781
琥珀,782
雪松,783
紫羅蘭,784
香根草,785
肉荳蔻花,786
大黃,787
檀香,788
琥珀,789
麝香,790
橡苔,791
雪松,792
櫟扁枝衣巖蘭草雪松木麝香,793
安息香,794
海天香根草,795
樹林,796
鼠尾草,797
羊絨木,798
軟香草,799
琥珀,800
香根草,801
麝香,802
苔蘚,803
菸草,804
零陵香豆,805
香草,806
雪松,807
零陵香豆,808
琥珀,809
檀香,810
千龍木,811
木質調,812
蜂蜜,813
廣藿香,814
麝香,815
檀香木,816
麝香,817
桂花,818
巴杜裏,819
檀香,820
香草,821
琥珀,822
檀香,823
雪松,824
廣藿香,825
白木,826
椰子,827
麝香,828
保加利亞玫瑰純香,829
檀香,830
廣藿香,831
唐卡豆,832
安息香,833
琥珀木,834
檀香木,835
雪松木,836
虹膜,837
奶油,838
檀香,839
加利福尼亞州雪松,840
香草,841
麝香,842
雪松,843
龍涎香,844
廣藿香,845
金羊絨,846
湯匙豆,847
杏仁奶,848
香草,849
琥珀,850
橡苔,851
麝香,852
法國勞丹脂,853
弗吉尼亞雪松,854
香根草,855
廣藿香,856
麝香,857
黑香豆,858
廣藿香,859
香草,860
安息香雪松香根草甜椒,861
香根草,862
白雪松,863
麝香,864
檀香,865
琥珀,866
麝香,867
雪松,868
蘇合香,869
零陵香豆,870
香草,871
巖薔薇,872
菸葉,873
橡木苔蘚,874
木香廣藿香,875
檀香,876
黑巧克力,877
香,878
琥珀,879
香根草,880
香草,881
香脂,882
麝香,883
檀香木,884
琥珀,885
龍涎香,886
檀木,887
橡木,888
香根草,889
香根草,890
弗吉尼亞雪松,891
橄欖油,892
藿香,893
檀香,894
香草,895
麝香,896
烏木,897
柚木,898
香草,899
龍涎香,900
麝香,901
廣藿香,902
羊絨木,903
降龍涎醚,904
粉紅糖香,905
鳶尾,906
香草,907
白桃,908
粉香元素,909
琥珀,910
廣藿香,911
苔,912
皮革,913
海地香根草,914
麝香,915
葡萄柚,916
香草,917
琥珀,918
伍茲,919
琥珀麝香橡木苔巴西紅木,920
烏木,921
琥珀,922
麝香,923
琥珀,924
紫檀香,925
維吉尼亞雪松,926
香草,927
麝香,928
雪松,929
龍涎香,930
艾草,931
檀香,932
琥珀,933
零陵香豆,934
香草,935
浮木,936
麝香,937
零陵香豆,938
琥珀,939
木質香,940
檀香木,941
麝香,942
雪松,943
麝香雪松,944
檀香木,945
琥珀,946
麝香,947
橡木苔,948
雪松,949
橡苔,950
麝香,951
雪松,952
nan,953
皮革,954
木香調,955
琥珀,956
印度廣藿香,957
香根草,958
雪松,959
白麝香,960
紅生薑麝香檀香,961
麝香,962
琥珀,963
檀香,964
麝香,965
澳大利亞檀香,966
香草,967
琥珀,968
薰香,969
香草,970
麝香貓,971
麝香,972
香根草,973
檀香,974
廣藿香,975
麝香純正,976
通卡,977
琥珀,978
金黃琥珀,979
焦糖,980
香草藥,981
琥珀,982
檀香,983
大溪地香草,984
薰草豆,985
木,986
麝香,987
琥珀,988
晚香玉,989
檀香,990
柏木,991
琥珀,992
維吉尼亞雪松,993
白木,994
香根草,995
綠茶,996
瑪黛茶,997
鼠尾草皮革,998
麝香,999
龍涎香,1000
琥珀,1001
麝香,1002
巴拉圭瑪黛茶,1003
零陵香豆,1004
粉紅麝香,1005
紅糖,1006
琥珀,1007
麝香,1008
琥珀,1009
檀香,1010
雪松,1011
橡木苔,1012
灰琥珀,1013
麝香,1014
麝香,1015
覆盆子,1016
香草,1017
香根草,1018
麝香,1019
香根草,1020
廣藿香,1021
法國薔薇,1022
麝香,1023
nan,1024
木本,1025
絨,1026
檀香,1027
琥珀,1028
麝香,1029
雪松,1030
橡苔,1031
麝香,1032
香根草,1033
雪松,1034
橡苔,1035
琥珀,1036
零陵香豆,1037
印尼廣藿香,1038
海地香根草,1039
波旁香草,1040
白麝香,1041
皮革,1042
雪松,1043
香根草,1044
雪松,1045
麝香,1046
琥珀,1047
煙草,1048
麝香,1049
龍涎香醚,1050
桃花心木,1051
植物琥珀,1052
麝香,1053
廣藿香,1054
麝香,1055
蜂蜜,1056
廣藿香,1057
皮革,1058
香根草,1059
香根草,1060
豆,1061
麝香,1062
粘土鼠尾草,1063
麝香,1064
零陵香豆,1065
草本,1066
檀香,1067
零陵香豆,1068
麝香,1069
橡苔,1070
廣藿香,1071
白木,1072
白麝香,1073
廣藿香,1074
雪松,1075
香根草,1076
安息香,1077
雪松,1078
琥珀,1079
珍貴木材,1080
琥珀,1081
木香,1082
廣藿香,1083
白麝香,1084
紫羅蘭,1085
羊絨,1086
開心果葉,1087
白松香,1088
檀香木,1089
木香,1090
琥珀麝香香根草,1091
黑香豆,1092
天鵝絨般的波旁香草,1093
廣藿香,1094
黑麝香,1095
香根草,1096
麝香木,1097
巴布亞香草,1098
安息香,1099
零陵香豆,1100
檀木,1101
白麝香黑香豆,1102
木蘭,1103
紅酒,1104
黑比諾葡萄,1105
阿特拉斯雪松,1106
海地香根草,1107
麝香,1108
羊絨木,1109
麝香,1110
黑香草,1111
檀木,1112
琥珀,1113
麝香,1114
雪松木,1115
麝香,1116
龍涎香醚,1117
香草,1118
麝香,1119
檀木,1120
絲柏,1121
琥珀,1122
廣藿香,1123
皮革,1124
木材,1125
蜂蜜,1126
檀香木,1127
雪松,1128
皮革,1129
愈創木,1130
金絲桃,1131
琥珀木,1132
香豆素,1133
香草,1134
nan,1135
雪松,1136
琥珀,1137
麝香,1138
檀香,1139
香草,1140
檀香,1141
麝香,1142
琥珀,1143
香草,1144
nan,1145
檀香,1146
nan,1147
琥珀,1148
紅柏,1149
皮革,1150
皮革,1151
麝香,1152
桂花,1153
橡苔,1154
雪松弗吉尼亞州,1155
茉莉,1156
檀香木,1157
琥珀,1158
紅海藻,1159
龍涎香,1160
琥珀木,1161
白麝香,1162
檀香木,1163
琥珀,1164
麝香,1165
橡苔,1166
雪松,1167
廣藿香,1168
香根草,1169
nan,1170
茉莉,1171
虹膜,1172
乳香脂杜松雪松琥珀,1173
加糖的檀香,1174
麝香,1175
維吉尼亞雪松,1176
零陵香,1177
麝香,1178
雲呢拿香草,1179
香根草雪松,1180
琥珀木,1181
麝香,1182
安息香,1183
零陵香木,1184
雪松,1185
零陵香豆,1186
白麝香,1187
肉荳蔻,1188
賽普拉斯,1189
狀香草,1190
喀什米爾木,1191
零陵香豆,1192
廣藿香,1193
琥珀木,1194
麝香,1195
零陵香豆,1196
檀香,1197
白麝香,1198
蜂蠟,1199
零陵香豆,1200
苔蘚,1201
香根草,1202
雪松木,1203
麝香,1204
木質元素,1205
芳香草本,1206
皮革,1207
黑香豆,1208
琥珀,1209
麝香,1210
橡苔,1211
奶油凍,1212
巧克力,1213
咖啡,1214
麝香廣藿香琥珀香草,1215
琥珀,1216
檀香,1217
麝香,1218
檀香,1219
琥珀,1220
麝香,1221
香草,1222
橡苔,1223
皮革,1224
檀香,1225
零陵香豆,1226
琥珀,1227
椰子,1228
香草,1229
橡苔,1230
雪松,1231
nan,1232
海狸香,1233
廣藿香,1234
零陵香木,1235
香,1236
雪松,1237
氨溴酸,1238
麝香,1239
木香,1240
香草,1241
木本,1242
麝香,1243
廣藿香,1244
琥珀,1245
印度尼西亞廣藿香白木白麝香,1246
廣藿香,1247
橡樹苔,1248
香根草,1249
樹林,1250
麝香,1251
保加利亞玫瑰絕對香氣,1252
白麝香,1253
琥珀,1254
檀香木,1255
琥珀,1256
藏紅花,1257
廣藿香,1258
橡木,1259
檀香,1260
檀香木,1261
琥珀,1262
香草,1263
雪松,1264
廣藿香,1265
麝香,1266
樹林,1267
海地香根草,1268
麝香,1269
羊絨木,1270
nan,1271
琥珀,1272
廣藿香,1273
雪松,1274
廣藿香,1275
雪松,1276
琥珀,1277
檀香,1278
羊絨木,1279
香草,1280
琥珀,1281
麝香,1282
檀香,1283
雪松,1284
烏木和琥珀,1285
勞丹脂,1286
零陵香豆,1287
廣藿香,1288
皮革,1289
雪松,1290
廣藿香,1291
羊絨木,1292
麝香,1293
勞丹脂,1294
皮革,1295
檀香,1296
零陵香豆,1297
廣藿香,1298
香草,1299
藏紅花,1300
金琥珀色,1301
琥珀,1302
苔蘚,1303
紅色木材,1304
琥珀,1305
芳香草藥,1306
麝香,1307
廣藿香,1308
香草,1309
香根草,1310
香根草,1311
廣藿香,1312
香,1313
麝香,1314
弗吉尼亞州雪松,1315
琥珀,1316
天芥菜,1317
麝香,1318
雪松,1319
大溪地香根草,1320
麝香,1321
檀香,1322
雪松,1323
香根草,1324
雪松,1325
香草,1326
檀香木,1327
香根草,1328
鳶尾,1329
檀香,1330
零陵香豆,1331
香草,1332
木香,1333
維吉尼亞雪松,1334
香根草,1335
絨面革,1336
龍涎香,1337
尖錦緞,1338
廣藿香,1339
百葉薔薇玫瑰,1340
零陵香豆,1341
琥珀,1342
香根草,1343
檀香,1344
鳶尾草,1345
安息香,1346
nan,1347
nan,1348
雪松樹脂,1349
檀香木,1350
果仁糖,1351
麝香,1352
麝香,1353
弗吉尼亞雪松,1354
虹膜,1355
琥珀,1356
零陵香木,1357
橡苔,1358
廣藿香,1359
龍涎香,1360
麝香,1361
花梨木,1362
零陵香豆,1363
乾草,1364
香豆素,1365
焦糖,1366
勞丹脂,1367
廣藿香,1368
皮革,1369
琥珀,1370
檀香,1371
琥珀,1372
廣藿香,1373
麝香,1374
雪松,1375
安息香,1376
nan,1377
nan,1378
煙燻廣藿香,1379
麝香,1380
弗吉尼亞州雪松,1381
香草,1382
nan,1383
馬達加斯加香草,1384
皮革,1385
琥珀木,1386
檀香木,1387
琥珀,1388
木質香,1389
麝香,1390
雪松,1391
巴西紅木,1392
安息香,1393
琥珀木,1394
香草,1395
廣藿香,1396
羊絨木,1397
香根草,1398
麝香,1399
檀香,1400
廣藿香,1401
麝香,1402
羊絨木,1403
香,1404
麝香,1405
香葉油,1406
安眠酮,1407
香草,1408
麝香,1409
琥珀木,1410
nan,1411
廣藿香,1412
苔蘚,1413
椰子,1414
檀香,1415
琥珀,1416
琥珀雪松,1417
羊絨木,1418
麝香,1419
香根草雪松零陵香豆檀香,1420
大溪地香草,1421
檀香,1422
安息香,1423
廣藿香,1424
龍涎香,1425
香草,1426
白麝香檀香,1427
雪松,1428
麝香,1429
白木,1430
琥珀,1431
香草,1432
檀香木,1433
雪松,1434
龍涎香,1435
nan,1436
雪松,1437
拉巴丹,1438
麝香,1439
海狸香,1440
木質元素,1441
香,1442
麝香,1443
琥珀木,1444
檀香木,1445
椰子,1446
檀香,1447
麝香,1448
竹子,1449
琥珀,1450
雪松木,1451
奶油木香,1452
木香,1453
琥珀,1454
香草,1455
檀香,1456
薰草豆,1457
香草,1458
香脂,1459
廣藿香,1460
沒藥,1461
雪松,1462
零陵香豆,1463
nan,1464
白麝香,1465
蜂蜜,1466
木質元素,1467
香草,1468
琥珀,1469
琥珀,1470
喀什米爾木,1471
零陵香豆,1472
麂皮絨,1473
琥珀,1474
麝香,1475
焦糖餅,1476
香草奶油,1477
檀香,1478
雪松,1479
烏木,1480
琥珀,1481
樺木,1482
皮革,1483
廣藿香,1484
覆盆子,1485
巧克力,1486
桃,1487
琥珀,1488
香根草,1489
廣藿香,1490
麝香,1491
麝香,1492
香草,1493
白木,1494
香草,1495
麂皮,1496
木香,1497
麝香,1498
雪松,1499
廣藿香,1500
海藻,1501
龍涎香,1502
廣藿香,1503
檀香,1504
香根草,1505
廣藿香,1506
田中木材,1507
麝香,1508
雪松,1509
竹子,1510
頓加豆,1511
大溪地香草,1512
nan,1513
檀香,1514
檀香木,1515
香根草,1516
雪松,1517
麝香,1518
癒創木,1519
黑琥珀,1520
橡苔,1521
涼鞋,1522
香根草,1523
廣藿香,1524
香草,1525
麝香,1526
檀香,1527
琥珀,1528
麝香,1529
香草,1530
白麝香,1531
粉紅麝香,1532
檀香,1533
雪松,1534
琥珀白,1535
海地香根草,1536
印度檀香,1537
麝香,1538
麂皮絨,1539
廣藿香,1540
紫羅蘭,1541
安佈雷特,1542
雪松,1543
檀香,1544
大溪地香根草,1545
雪松,1546
麝香,1547
白麝香,1548
白木,1549
橡樹苔,1550
玫瑰木,1551
麝香,1552
鳶尾花及雪松木,1553
檀香木,1554
香根草,1555
黑色,1556
白雪松,1557
零陵香豆,1558
香草,1559
白麝香,1560
木質香調,1561
白琥珀,1562
麝香,1563
清木,1564
麂皮,1565
苔蘚,1566
吐魯香脂,1567
祕魯香脂,1568
檀香,1569
琥珀,1570
安息香,1571
麝香,1572
白樹,1573
覆盆子,1574
香草,1575
杜松,1576
麝香,1577
覆盆子,1578
杏仁,1579
香根草,1580
安息香,1581
廣藿香,1582
檀香,1583
琥珀木,1584
通卡豆,1585
紫羅蘭葉,1586
香根草,1587
白色木材,1588
銀杏,1589
柚木,1590
煙草花,1591
廣藿香,1592
檀香,1593
香草,1594
馬達加斯加香草,1595
香草絕對,1596
紫羅蘭木,1597
粉色棉花糖,1598
廣藿香黃糖香調,1599
朗姆酒,1600
麝香,1601
森林,1602
鳶尾根,1603
琥珀,1604
麝香,1605
nan,1606
nan,1607
西柚,1608
胡椒,1609
檀香,1610
靈貓,1611
雪松,1612
癒創木,1613
檀香,1614
琥珀,1615
檀香,1616
琥珀,1617
廣藿香,1618
果子狸,1619
橡苔,1620
香根草,1621
nan,1622
麝香,1623
橡樹苔,1624
雪松,1625
琥珀,1626
麝香,1627
琥珀,1628
香草,1629
羊絨香,1630
摩洛哥雪松,1631
nan,1632
香草,1633
香根草,1634
琥珀,1635
柏木,1636
羊絨木,1637
檀香木,1638
香草,1639
梅花木,1640
菸草,1641
琥珀,1642
雪松,1643
零陵香豆麝香琥珀,1644
麝香,1645
龍涎香,1646
皮革,1647
香草,1648
零陵香豆,1649
羊絨木,1650
癒創木,1651
香豆素,1652
檀香木,1653
琥珀,1654
麝香,1655
香根草,1656
雪松,1657
勞丹脂,1658
橡苔,1659
香草,1660
雪松,1661
琥珀木質香,1662
鼠尾草,1663
琥珀,1664
檀香木,1665
日本扁柏木,1666
雪松,1667
茶葉,1668
麝香,1669
大米,1670
麝香,1671
琥珀,1672
檀香木,1673
香根草,1674
金色木調,1675
麝香及檀香木,1676
礦物麝香,1677
豆,1678
香,1679
藏紅花,1680
麝香,1681
雪松,1682
木質香,1683
檀香,1684
海地香根草,1685
印度廣藿香,1686
薰衣草,1687
麝香,1688
弗吉尼亞州雪松,1689
廣藿香,1690
白琥珀,1691
麝香,1692
琥珀,1693
廣藿香,1694
香草,1695
雪松,1696
零陵香豆精油,1697
三重麝香,1698
琥珀木,1699
葛縷子,1700
琥珀,1701
麝香,1702
肉豆蔻,1703
蓮花,1704
絨面革,1705
紫羅蘭葉,1706
苔蘚,1707
奶油檀香,1708
果仁糖,1709
降龍涎醚,1710
麝香,1711
香草,1712
雪松,1713
麝香,1714
琥珀,1715
木質香,1716
藏紅花,1717
乳香,1718
麝香羊絨木,1719
紅雪松,1720
廣藿香,1721
琥珀木,1722
木香,1723
麝香,1724
檀香,1725
大溪地香草,1726
依蘭,1727
零陵香豆,1728
廣藿香,1729
黑琥珀,1730
巴西玫瑰木,1731
零陵香豆,1732
香根草,1733
革,1734
檀香,1735
麝香,1736
香草,1737
琥珀,1738
廣藿香,1739
琥珀,1740
廣藿香,1741
白麝香,1742
雪松,1743
麝香,1744
香草,1745
羊絨木,1746
雪松,1747
檀香,1748
廣藿香,1749
豆,1750
麝香,1751
弗吉尼亞雪松,1752
黑香豆,1753
琥珀,1754
麝香,1755
香草,1756
巖蘭草,1757
鳶尾,1758
麝香,1759
香草,1760
檀香,1761
麝香琥珀雪松,1762
香根草,1763
nan,1764
廣藿香,1765
檀香,1766
天芥菜,1767
香草,1768
煙草,1769
麝香,1770
廣藿香,1771
木,1772
東卡豆,1773
廣藿香,1774
香草,1775
麝香,1776
檀香,1777
無花果木,1778
安息香,1779
麝香,1780
橡苔,1781
琥珀,1782
灌裝機,1783
蘇合香脂,1784
煙草葉,1785
香草豆,1786
檀香,1787
零陵香豆,1788
琥珀,1789
雪松,1790
麝香,1791
香根草,1792
白麝香,1793
雪松木,1794
橡苔,1795
琥珀木,1796
檀香,1797
白麝香,1798
nan,1799
皮革,1800
琥珀,1801
西洋杉,1802
豌豆,1803
鳶尾木,1804
香草,1805
白木白麝香橙花,1806
香根草,1807
雪松,1808
乳香,1809
白麝香,1810
摩洛哥西洋杉木,1811
鳶尾花,1812
雪松,1813
檀香,1814
苔蘚,1815
香草,1816
檀香,1817
香草,1818
零陵香豆,1819
雪松,1820
豆,1821
琥珀,1822
焦糖,1823
香草,1824
檀香,1825
馬達加斯加香草,1826
香根草,1827
橡苔,1828
廣藿香,1829
麝香,1830
奶油木香,1831
檀香,1832
肉類和豆類,1833
琥珀,1834
芳香草藥,1835
木香,1836
廣藿香,1837
琥珀,1838
麝香,1839
弗吉尼亞雪松,1840
香根草,1841
沙子,1842
紙莎草,1843
白琥珀,1844
香根草,1845
檀香,1846
絨面革,1847
香脂冷杉,1848
檀香,1849
琥珀,1850
香草,1851
雪松,1852
雞血石,1853
木香,1854
檀香,1855
雪松,1856
香椿,1857
香根草,1858
煙草,1859
皮革,1860
檀香,1861
橄欖樹,1862
香草,1863
波本香草白麝香琥珀,1864
木質雪松木薰草豆麝香,1865
香根草,1866
香,1867
琥珀,1868
木頭,1869
棉花糖,1870
琥珀雪松木,1871
波旁香草,1872
白麝香,1873
檀香,1874
輕木,1875
薔薇木,1876
琥珀,1877
香草,1878
琥珀,1879
木香,1880
檀香,1881
香根草,1882
零陵香豆,1883
香草,1884
廣藿香,1885
香根草,1886
麝香,1887
雪松,1888
香草,1889
廣藿香,1890
麝香愈傷草金合歡,1891
廣藿香,1892
檀香,1893
檀香,1894
豆,1895
琥珀,1896
廣藿香,1897
麝香,1898
香草,1899
橡木,1900
香根草,1901
皮革,1902
檀香,1903
琥珀,1904
椰子,1905
菸草,1906
木質調,1907
羊絨木,1908
麝香,1909
香草,1910
棉花糖,1911
苔蘚松樹廣藿香,1912
木香,1913
nan,1914
鳶尾,1915
麝香,1916
羊絨木,1917
牛奶香草,1918
香草,1919
檀香,1920
廣藿香,1921
沉香木,1922
麝香,1923
法國勞丹脂,1924
皮革,1925
棉花糖,1926
麝香,1927
廣藿香,1928
琥珀,1929
梧桐,1930
乳香,1931
薰草豆,1932
甘草,1933
琥珀,1934
廣藿香,1935
烏木,1936
雪松,1937
香根草,1938
琥珀,1939
阿馬爾菲檸檬,1940
法國勞丹脂,1941
雪松,1942
香根草,1943
橡苔,1944
檀香,1945
香草,1946
黑香豆,1947
檀香,1948
雪松,1949
阿馬爾菲檸檬,1950
法國勞丹脂,1951
雪松,1952
香根草,1953
橡苔,1954
檀香,1955
香根草,1956
絨面革,1957
廣藿香,1958
木質香調,1959
檀香木,1960
黎巴嫩雪松,1961
橡樹苔,1962
白琥珀,1963
白麝香,1964
nan,1965
肉桂,1966
香草,1967
唐卡豆,1968
馬達加斯香草,1969
巴西零陵香豆,1970
加弗吉尼亞雪松,1971
香根草,1972
雪松,1973
檀香,1974
香草,1975
雪松木,1976
琥珀,1977
麝香,1978
生奶油,1979
廣藿香,1980
羊絨木,1981
香根草,1982
麝香,1983
樹苔淨油,1984
安息香,1985
廣藿香,1986
香根草,1987
琥珀,1988
琥珀,1989
巴西花梨木,1990
香草檀香丁香豆可可,1991
廣藿香,1992
雪松,1993
香草,1994
白麝香,1995
麝香,1996
廣藿香,1997
橙花,1998
苦橙葉,1999
麝香,2000
琥珀,2001
橙花油琥珀麝香,2002
麝香,2003
香草,2004
雪松,2005
廣藿香,2006
豆,2007
廣藿香,2008
薰草豆,2009
黑香豆,2010
雪松,2011
煙草,2012
樺樹,2013
琥珀,2014
香草,2015
麝香,2016
檀香木,2017
零陵香豆,2018
廣藿香,2019
牛奶慕斯,2020
黑香草果殼,2021
木質香水調,2022
麝香,2023
廣藿香,2024
香草,2025
香根草,2026
香草木質麝香,2027
檀香木安息香廣藿香,2028
琥珀和木質香,2029
湯卡豆,2030
可可,2031
檀香,2032
香草,2033
廣藿香,2034
雪松,2035
檀香,2036
香根草,2037
麝香,2038
橡苔,2039
琥珀,2040
香草,2041
皮革,2042
香草,2043
白麝香,2044
香根草,2045
樹脂,2046
檀香木,2047
橄欖樹,2048
雪松,2049
麝香,2050
乾木,2051
茉莉花,2052
紫藤,2053
巧克力,2054
木香調,2055
廣藿香,2056
薰草豆,2057
香草,2058
香根草,2059
黑香草,2060
nan,2061
廣藿香,2062
麝香,2063
廣藿香,2064
nan,2065
檀香,2066
薰草豆,2067
麝香,2068
墨西哥黑香草,2069
nan,2070
溫,2071
的木材,2072
杜松,2073
海地香根草,2074
紙莎草,2075
廣藿香,2076
nan,2077
檀香,2078
杏仁,2079
香草,2080
麝香,2081
小茴香,2082
nan,2083
芳香根草,2084
芳香豆素,2085
雪松,2086
琥珀,2087
麝香,2088
檀香,2089
琥珀,2090
廣藿香,2091
麝香,2092
nan,2093
香根草,2094
樹莓,2095
柏木,2096
檀香木,2097
麝香,2098
蜜糖,2099
琥珀,2100
麝香,2101
木香調,2102
海洋,2103
癒創木,2104
廣藿香,2105
白松香,2106
紫檀,2107
麝香,2108
廣藿香,2109
乾木,2110
麝香,2111
龍眼,2112
香草,2113
雪松香草白麝香,2114
廣藿香,2115
零陵香木,2116
雪松,2117
香草,2118
麝香琥珀雪松,2119
科涅克白蘭地,2120
檀香木,2121
橡木,2122
麝香,2123
白色麂皮,2124
豆,2125
香根草,2126
癒創木,2127
香草木質麝香,2128
琥珀,2129
東卡豆,2130
廣藿香,2131
琥珀,2132
欖香脂,2133
苔蘚,2134
花梨木,2135
沉香,2136
香草,2137
白麝香,2138
香草,2139
琥珀,2140
麝香,2141
廣藿香,2142
椰子,2143
海地,2144
香根草,2145
香根草,2146
廣藿香,2147
水晶苔,2148
安息香提取物,2149
廣藿香,2150
苔蘚,2151
常青樹,2152
泥土香,2153
雲杉,2154
白麝香,2155
印尼廣藿香葉,2156
可可豆莢,2157
阿基加拉木,2158
麝香,2159
木香,2160
白麝香,2161
海地香根草,2162
肉桂,2163
雪松,2164
廣藿香,2165
松樹,2166
開心果樹脂,2167
柳木,2168
麝香,2169
橡苔,2170
香草,2171
龍涎香,2172
漂流木,2173
香根草,2174
伏特康,2175
琥珀,2176
香根草,2177
麝香,2178
橡苔,2179
巴西紅木,2180
檀香,2181
勞丹脂,2182
檀香,2183
麝香,2184
零陵香木,2185
巖蘭草香,2186
麝香,2187
琥珀,2188
檀香,2189
雪松,2190
白麝香,2191
廣卡,2192
安布羅桑和卡什梅蘭,2193
廣藿香,2194
nan,2195
零陵香豆,2196
杏仁奶,2197
檀香,2198
香草,2199
nan,2200
麝香,2201
雪松木,2202
鳶尾根,2203
麝香,2204
樹林,2205
白麝香,2206
龍涎香,2207
琥珀,2208
琥珀,2209
麝香,2210
冷杉,2211
天芥菜,2212
麝香錦葵,2213
香根草,2214
橡樹苔,2215
廣藿香,2216
松針油,2217
廣藿香,2218
檀香調,2219
大馬士革玫瑰,2220
苔蘚,2221
麝香,2222
巴西蘇木,2223
檀香樹,2224
麝香,2225
橡木苔,2226
頓加豆,2227
小荳蔻,2228
安息香,2229
香根草,2230
甜椒,2231
肉桂,2232
木香調,2233
皮革,2234
琥珀,2235
麝香,2236
桃花心木,2237
檀香,2238
琥珀,2239
廣藿香,2240
肉桂,2241
麝香,2242
橡苔,2243
雪松,2244
煙草,2245
意式奶酪,2246
麝香,2247
廣藿香,2248
檀香木,2249
麝香,2250
木蘭,2251
羊絨木頭,2252
檀香,2253
豆,2254
液體琥珀,2255
香根草,2256
紙莎草木材,2257
香根草,2258
琥珀,2259
麂皮絨,2260
麝香,2261
木香,2262
檀香,2263
琥珀沒藥,2264
檀香,2265
琥珀,2266
廣藿香,2267
香草,2268
廣藿香,2269
羊絨木,2270
沉香,2271
弗吉尼亞雪松,2272
香根草,2273
香根草,2274
雪松,2275
白麝香,2276
香根草,2277
廣藿香,2278
勞丹脂,2279
煙草,2280
廣藿香,2281
皮革,2282
香根草大溪地,2283
木質元素,2284
檀香木,2285
雪松,2286
橄欖樹,2287
薰衣草,2288
廣藿香,2289
龍涎香,2290
龍涎香,2291
廣藿香,2292
白麝香,2293
雪松,2294
檀香,2295
香根草,2296
龍涎香,2297
雪松,2298
香草,2299
白麝香,2300
白木,2301
廣藿香,2302
香草,2303
龍涎香,2304
零陵香豆,2305
麝香,2306
焦糖麝香,2307
皮革,2308
果仁糖,2309
廣藿香,2310
檀香木,2311
雪松,2312
麝香,2313
公丁香鳶尾花琥珀檀香木香草麝香,2314
雪松,2315
橡樹苔,2316
皮革,2317
檀香,2318
廣藿香,2319
麝香,2320
琥珀,2321
柏木,2322
檀香,2323
檀香木,2324
零陵香豆,2325
廣藿香,2326
麝香,2327
雪松,2328
琥珀,2329
白麝香,2330
麝香,2331
芒果,2332
麝香,2333
琥珀女孩,2334
香草,2335
檀香木,2336
香草,2337
苔蘚,2338
牛奶,2339
柚木鳶尾花琥珀,2340
皮革,2341
琥珀,2342
麝香,2343
檀香,2344
雪松,2345
白麝香,2346
麝香,2347
琥珀,2348
nan,2349
羊絨,2350
nan,2351
海地香根草,2352
檀香木,2353
琥珀,2354
老天,2355
軟木,2356
紅木,2357
琥珀,2358
麝香,2359
水晶苔蘚,2360
龍涎,2361
雪松木,2362
羊絨,2363
慕斯水晶,2364
白麝香,2365
雪松,2366
羊絨,2367
白麝香,2368
阿米里斯,2369
雪松,2370
琥珀,2371
松,2372
米,2373
白麝香,2374
香草,2375
琥珀,2376
木頭,2377
麝香,2378
白木,2379
香草,2380
檀香木廣藿香香草雪松,2381
皮革,2382
椰子,2383
香草,2384
橡苔,2385
香根草,2386
nan,2387
琥珀,2388
琥珀,2389
雪松,2390
檀香拉布丹,2391
檀香皮革黑香豆,2392
虹膜,2393
廣藿香花,2394
感性麝香,2395
檀香木,2396
羊絨木,2397
麝香,2398
公丁香,2399
鳶尾花,2400
琥珀,2401
檀香木,2402
香草,2403
麝香,2404
麝香香根草,2405
雪松,2406
白木,2407
檀香,2408
蜂蠟,2409
珍貴的木材,2410
琥珀,2411
燈花油琥珀麝香,2412
柚木木材,2413
皮革,2414
香草,2415
零陵香豆皮革克什米爾木琥珀木質香,2416
廣藿香油,2417
琥珀,2418
廣藿香香精,2419
麝香,2420
金木,2421
皮革,2422
廣藿香,2423
丁香豆,2424
香草,2425
木質香調,2426
橄欖樹木,2427
菸葉,2428
麝香,2429
香桃木,2430
橡木,2431
檀香,2432
龍涎香,2433
廣藿香,2434
琥珀,2435
紫羅蘭,2436
木質花香調,2437
安息香,2438
雪松,2439
香根草,2440
甜椒,2441
麝香,2442
雪松,2443
琥珀,2444
木質香,2445
透明琥珀,2446
卡什梅蘭,2447
龍涎香,2448
木蘭,2449
皮革,2450
檀香,2451
茉莉,2452
雪松,2453
水晶麝香,2454
香草,2455
廣藿香,2456
乳香純香,2457
杜松,2458
琥珀,2459
琥珀檀香麝香,2460
雪松,2461
無花果樹,2462
木質香,2463
香根草,2464
檀香,2465
沉香,2466
白麝香,2467
檀香木,2468
零陵香豆,2469
白巧克力,2470
癒創木,2471
木質香,2472
安息香,2473
麝香,2474
零陵香豆,2475
白蜂蜜,2476
檀香,2477
廣藿香,2478
香草,2479
雪松,2480
香草,2481
檀香木,2482
廣藿,2483
檀香,2484
琥珀,2485
香草,2486
天芥菜,2487
巴西玫瑰木,2488
檀香,2489
琥珀,2490
麝香,2491
琥珀,2492
黃葵,2493
零陵香豆,2494
木質香,2495
檀香,2496
廣藿香,2497
檀香安息香提取物印尼廣藿香,2498
木質香草麝香,2499
檀香,2500
琥珀,2501
麝香,2502
覆盆子,2503
橡樹,2504
雪松,2505
琥珀,2506
蜂蠟,2507
肉桂,2508
蜂蜜,2509
皮革,2510
零陵香豆,2511
麝,2512
巖蘭草,2513
頓加豆,2514
廣藿香,2515
nan,2516
白麝香,2517
廣藿香,2518
檀香木,2519
雪松,2520
木質元素,2521
琥珀,2522
香草,2523
檀香,2524
nan,2525
果子狸,2526
香根草,2527
皮革,2528
香草,2529
雪松,2530
香根草,2531
nan,2532
nan,2533
麝香,2534
勞丹脂,2535
檀香,2536
麝香,2537
香根草,2538
橡苔,2539
雪松,2540
苔蘚,2541
麝香,2542
香根草,2543
香草,2544
麝香,2545
焦糖,2546
勞丹脂,2547
檀香,2548
琥珀,2549
麝香,2550
香草,2551
雪松,2552
柏樹松樹廣藿香橡木苔香根草雪松,2553
薄荷,2554
琥珀,2555
檀香木,2556
松樹,2557
琥珀和薰衣草豆,2558
木香,2559
白色煙草,2560
海地香根草,2561
雪松,2562
麝香,2563
樺木,2564
皮革,2565
檀香,2566
零陵香豆,2567
雪松,2568
香草,2569
勞丹脂,2570
苔蘚,2571
廣藿香,2572
安息香,2573
橡苔,2574
加拿大香脂,2575
香草,2576
皮革,2577
香草,2578
木質,2579
麝香,2580
降龍涎醚,2581
香根草,2582
香,2583
香根草,2584
木質元素,2585
煙草,2586
琥珀,2587
橡苔,2588
雪松,2589
麝香,2590
勞丹脂,2591
皮革,2592
檀香,2593
麝香,2594
橡木,2595
香根草,2596
雪松,2597
沉香木,2598
皮革,2599
檀香,2600
香草,2601
蜂蜜,2602
麝香,2603
雪松,2604
檀香,2605
安息香,2606
零陵香豆,2607
感性肌膚香氛,2608
滋補水,2609
麂皮絨,2610
杏仁,2611
香草,2612
麝香,2613
麝香,2614
檀香,2615
雪松,2616
麝香,2617
香草,2618
木療,2619
勞丹脂,2620
麝香,2621
橡苔,2622
檀香,2623
荳蔻,2624
生薑,2625
琥珀,2626
冷杉樹脂,2627
麝香,2628
檀香木,2629
香草蘭,2630
廣藿香,2631
麝香,2632
牛奶糖漿,2633
果仁糖,2634
零陵香豆,2635
肉桂,2636
檀香木,2637
開司米木,2638
麝香,2639
琥珀,2640
廣藿香,2641
雪松,2642
奶油香草,2643
木質香,2644
雪松,2645
雲杉,2646
香根草,2647
雪松,2648
黑巧克力,2649
琥珀,2650
木質香,2651
麝香,2652
廣藿香,2653
奶凍,2654
麝香,2655
琥珀,2656
香草,2657
香草,2658
琥珀,2659
紅木,2660
香醋黑香豆,2661
羊絨木,2662
琥珀,2663
麝香,2664
橙花,2665
皮革,2666
廣藿香,2667
勞丹脂,2668
麝香木,2669
琥珀,2670
麝香,2671
零陵香木,2672
海參香根草,2673
豆,2674
琥珀,2675
檀香,2676
麝香,2677
廣霍香,2678
奶油木,2679
麝香雪松,2680
天然桃,2681
香草,2682
鳶尾,2683
藏紅花,2684
乳香,2685
印度尼西亞廣藿香葉,2686
木香,2687
鳶尾花,2688
雪松,2689
檀香,2690
白麝香,2691
琥珀,2692
麝香,2693
降龍涎醚,2694
檀香木,2695
雪松,2696
蜂蜜,2697
琥珀,2698
廣藿香,2699
香辛料,2700
琥珀,2701
白麝香和薔薇木,2702
天鵝絨般的麝香,2703
琥珀,2704
廣藿香,2705
埃及紙草,2706
甘草,2707
煙燻紅茶大料,2708
黑香豆,2709
香草,2710
香根草,2711
麝香,2712
龍涎香,2713
麝香,2714
可可,2715
雪松,2716
麝香,2717
琥珀,2718
香根草,2719
荳蔻,2720
聖人,2721
檀香木,2722
天芥菜,2723
nan,2724
麝香,2725
皮革,2726
煙草,2727
唐卡豆,2728
麝香,2729
檀香,2730
琥珀,2731
羊絨木,2732
廣藿香,2733
零陵香豆,2734
琥珀,2735
香草,2736
香草,2737
檀香,2738
零陵香木,2739
麝香,2740
琥珀,2741
零陵香豆,2742
香草,2743
香根草,2744
廣藿香,2745
nan,2746
香根草,2747
乳香,2748
雪松,2749
麝香,2750
零陵香豆,2751
雪松,2752
檀香,2753
梧桐乳香,2754
爪哇香根草油,2755
白麝香,2756
廣藿香,2757
千龍木,2758
木香,2759
麝香,2760
香根草,2761
麝香,2762
弗吉尼亞雪松,2763
香草,2764
廣藿香,2765
安息香,2766
檀香,2767
琥珀,2768
橡苔,2769
nan,2770
麝香,2771
麝香,2772
零陵香豆,2773
勞丹脂,2774
琥珀,2775
雪松木,2776
白麝香,2777
木香,2778
琥珀,2779
零陵香豆,2780
香草,2781
檀香木,2782
乳香,2783
生薑,2784
檀香木,2785
檀香,2786
麝香,2787
香草,2788
橡木,2789
白琥珀,2790
木質香,2791
零陵香豆,2792
苔蘚,2793
琥珀,2794
麝香,2795
杜松子,2796
木香,2797
荳蔻,2798
粉香,2799
香根草,2800
雪松,2801
香豆素,2802
廣藿香,2803
麝香,2804
竹,2805
檀香,2806
雪松,2807
香根草,2808
青苔,2809
檀香,2810
麝香,2811
香草,2812
琥珀,2813
廣藿香,2814
木質麝香雪松香脂,2815
橡苔,2816
雪松,2817
琥珀,2818
麝香,2819
海藻,2820
麝香,2821
雪松,2822
香水,2823
琥珀,2824
廣藿香,2825
香根草,2826
雪松,2827
雞血石,2828
橡木苔琥珀木檀香木白麝香,2829
龍涎香,2830
麝香,2831
香草,2832
廣藿香,2833
雪松木,2834
琥珀,2835
白麝香,2836
波旁香草,2837
東方,2838
白色廣藿香,2839
雪松,2840
檀香,2841
香草,2842
香根草,2843
雪松,2844
黃葵,2845
維吉尼亞雪松,2846
琥珀,2847
廣藿香,2848
勞丹脂,2849
青苔,2850
麝香,2851
檀香,2852
羊絨木,2853
木香,2854
雪松,2855
廣藿香,2856
咖啡,2857
水晶琥珀,2858
溫暖的香草,2859
羊絨,2860
廣藿香和麝香,2861
麝香,2862
廣藿香,2863
琥珀,2864
大黃,2865
幹琥珀,2866
廣藿香,2867
麝香,2868
香根草,2869
可可豆莢,2870
甜味,2871
黑巧克力,2872
咖啡,2873
奶油凍,2874
雪松,2875
檀香,2876
香草,2877
零陵香豆,2878
馥鬱香,2879
檀香,2880
麝香,2881
橡苔,2882
琥珀,2883
桃花木,2884
麝香,2885
廣藿香零陵香豆,2886
檀香木,2887
香根草,2888
零陵香木,2889
檀香,2890
薰草豆,2891
琥珀,2892
廣藿香,2893
安息香,2894
香根草,2895
雪松,2896
琥珀,2897
零陵香豆,2898
乳香,2899
雪松,2900
琥珀,2901
麝香,2902
香草,2903
廣藿香,2904
木質香,2905
檀香,2906
鳶尾,2907
琥珀,2908
橡樹,2909
零陵香豆,2910
麝香,2911
乳香,2912
琥珀,2913
烏德,2914
香草,2915
檀香木,2916
廣藿,2917
鳶尾根,2918
廣藿香麝香,2919
木質香,2920
nan,2921
nan,2922
廣藿香,2923
麝香,2924
橡苔,2925
琥珀,2926
雪松,2927
香草,2928
廣藿香,2929
麝香,2930
皮革,2931
檀香,2932
琥珀,2933
麝香,2934
椰子,2935
香根草,2936
橡苔,2937
檀香,2938
艾姆羅克斯,2939
麝香及各種木,2940
金發碧眼的樹林,2941
琥珀,2942
廣藿香,2943
香草,2944
麝香,2945
香草,2946
木質元素,2947
廣藿香,2948
雪松,2949
琥珀,2950
橡苔,2951
雪松,2952
香草,2953
麝香,2954
白麝香水蜜桃琥珀,2955
天竺葵,2956
金羊絨,2957
白麝香,2958
檀香,2959
菸草,2960
皮革檀香木琥珀麝香椰子香根草橡木苔,2961
麝香,2962
琥珀,2963
香,2964
絨面革,2965
廣藿香,2966
白麝香,2967
廣藿香,2968
黑麝香,2969
苔蘚,2970
琥珀,2971
癒創木,2972
零陵香豆,2973
檀香,2974
香根草,2975
橡苔,2976
廣藿香,2977
廣藿香,2978
濃鬱香,2979
香草,2980
紫檀,2981
麝香,2982
龍涎香,2983
雪松,2984
琥珀,2985
蘋果樹,2986
雪松,2987
麝香,2988
安息香西洋杉香根甜椒,2989
麝香,2990
琥珀,2991
冷雪松,2992
祕魯香脂,2993
勞丹脂,2994
檀香,2995
香草,2996
麝香,2997
雪松,2998
龍涎香,2999
橡苔,3000
木質元素,3001
琥珀,3002
廣藿香橡樹,3003
雪松,3004
零陵香豆,3005
琥珀,3006
檀香,3007
朗姆酒,3008
羊絨木,3009
橡苔,3010
皮革,3011
勞丹脂,3012
通卡,3013
香草,3014
檀香木,3015
琥珀,3016
麝香,3017
皮革,3018
廣藿香,3019
安息香,3020
麝香,3021
樹林,3022
羊絨,3023
白麝香,3024
橡樹苔,3025
香根草,3026
勞丹脂,3027
廣藿香,3028
沒藥,3029
nan,3030
琥珀,3031
麝香,3032
廣藿香,3033
香草精,3034
沒藥,3035
紫羅蘭,3036
桃花心木,3037
琥珀,3038
麝香,3039
雪松,3040
廣藿香,3041
香草精,3042
杏仁奶,3043
檀香木,3044
雪松,3045
黑色香草,3046
虹膜,3047
檀香,3048
麝香,3049
橡苔,3050
雪松,3051
龍涎香,3052
麝香,3053
雪松,3054
檀香木,3055
鳶尾,3056
檀香,3057
雪松,3058
麝香,3059
零陵香豆,3060
香草,3061
麝香,3062
香草,3063
龍涎香,3064
紅木,3065
香咖啡豆,3066
熱琥珀色,3067
黑木,3068
廣藿香,3069
零陵香豆,3070
鳶尾屬植物,3071
木質元素,3072
使君子,3073
糖漬馬卡龍,3074
麝香,3075
安息,3076
海地香根草麝香,3077
雪松,3078
香根草,3079
白麝香,3080
覆盆子花,3081
伴侶,3082
麝香,3083
苔蘚,3084
橡樹,3085
廣藿香,3086
雪松,3087
鐵木,3088
雪松,3089
香根草,3090
菸草,3091
麝香,3092
洋李,3093
雪松,3094
琥珀,3095
香根草,3096
檀香木,3097
乾草,3098
皮革,3099
橡木色,3100
龍涎香,3101
檀香木,3102
雪松,3103
糖,3104
nan,3105
廣藿香,3106
木質元素,3107
檀香木杏仁香草麝香,3108
香草,3109
皮革,3110
木質元素,3111
麝香,3112
麝香,3113
黑醋栗,3114
橡苔,3115
纈草根鳶尾花香子蘭麝香,3116
香草,3117
白蘭地,3118
羊絨木,3119
虹膜,3120
檀香木,3121
香根草,3122
麝香,3123
廣藿香,3124
薰草豆,3125
香草,3126
琥珀,3127
廣藿香零陵香豆,3128
芳草,3129
涼鞋,3130
雪松,3131
琥珀,3132
廣藿香,3133
巴西紅木,3134
麂皮,3135
廣藿香,3136
皮革,3137
香柏,3138
香莢蘭,3139
喬木,3140
安息香樹,3141
龍涎香,3142
煙草,3143
無花果香調,3144
nan,3145
安息香,3146
依蘭檀香琥珀,3147
琥珀,3148
巴西玫瑰木,3149
麝香,3150
弗吉尼亞雪松,3151
香草,3152
香根草,3153
白麝香,3154
琥珀,3155
香草,3156
零陵香豆,3157
棉花糖,3158
檀香木,3159
nan,3160
雪松,3161
克什米爾木,3162
藍色鼠尾草,3163
咖啡,3164
麝香,3165
栗子,3166
檀香,3167
香草,3168
廣藿香,3169
雪松,3170
雪松麝香,3171
煙草,3172
苯偶姻,3173
琥珀,3174
香根草,3175
黑麝香,3176
廣藿香,3177
香根草,3178
勞丹脂,3179
琥珀廣藿香軟木麝香,3180
雪松,3181
麝香調,3182
香根草,3183
廣藿香,3184
麝香,3185
安佈雷特麝香錦葵,3186
樺木,3187
雪松,3188
琥珀木,3189
麝香,3190
琥珀,3191
羊絨木,3192
麝香,3193
牛奶慕斯,3194
香草,3195
琥珀,3196
澳大利亞檀香,3197
琥珀,3198
木材,3199
皮革,3200
廣藿香,3201
香根草,3202
麝香,3203
樟樹,3204
香草,3205
白麝香,3206
安息香,3207
nan,3208
雪松,3209
nan,3210
檀香,3211
零陵香豆,3212
廣藿香,3213
檀香,3214
琥珀,3215
麝香,3216
木質香調,3217
海地香根草,3218
廣香,3219
木質元素,3220
弗吉尼亞雪松,3221
沙子,3222
麝香,3223
安息香,3224
檀香木廣藿香,3225
果仁糖,3226
琥珀,3227
麝香,3228
廣藿香,3229
香草,3230
白麝香,3231
檀香木,3232
香草,3233
羊絨木,3234
香草,3235
檀香木,3236
零陵香豆,3237
琥珀,3238
生薑,3239
唐卡豆,3240
木質香味,3241
麝香,3242
白木,3243
糖,3244
皮革,3245
香根草,3246
法國勞丹脂,3247
維吉尼亞雪松,3248
糖,3249
沉醉於溫醇白麝香,3250
雪松,3251
琥珀,3252
帶出甜蜜幸福的韻味,3253
香草,3254
零陵香豆,3255
零陵香豆,3256
廣藿香,3257
麝香,3258
橡苔,3259
香草,3260
香根草,3261
雪松,3262
木香調,3263
勞丹脂,3264
雪松,3265
香根草雪松白麝香,3266
降龍涎香醚,3267
木質香調,3268
廣藿香,3269
零陵香豆,3270
法國勞丹脂,3271
沒藥,3272
沉香,3273
香草,3274
馬達加斯加香草,3275
雪松木,3276
龍涎香醚,3277
麝香,3278
琥珀木,3279
麝香,3280
馬達加斯加香草豆,3281
麂皮絨,3282
nan,3283
橙色,3284
雪松,3285
桉樹,3286
香根草,3287
羊絨,3288
麂皮絨,3289
香根草,3290
檀香,3291
羊絨,3292
麝香,3293
羊絨木,3294
白麝香,3295
安息香,3296
焦糖,3297
黃葵,3298
白樺,3299
麝香,3300
勞丹脂安息香脂香草,3301
香根草,3302
麝香,3303
檀香,3304
廣藿香,3305
橡苔,3306
雪松,3307
覆盆子,3308
龍涎香,3309
琥珀,3310
沉香,3311
香草,3312
廣藿香,3313
麝香,3314
皮革,3315
灰色琥珀,3316
唐卡豆,3317
廣藿香,3318
廣藿香,3319
黃糖香,3320
開司米木,3321
廣霍香,3322
麝香,3323
雪松,3324
香脂杉,3325
乳香,3326
龍涎香,3327
木質調廣藿香胡椒,3328
白松香,3329
麝香,3330
檀香,3331
苦橙葉,3332
棉花糖,3333
香草,3334
檀香木,3335
天芥菜,3336
廣藿香,3337
蜂蠟,3338
甘草,3339
香根草,3340
廣藿香,3341
弗吉尼亞雪松,3342
nan,3343
迷迭香白雪松木,3344
麝香,3345
香草,3346
絲滑木質,3347
橡苔,3348
琥珀,3349
絨面革,3350
nan,3351
勞丹脂,3352
皮革,3353
雪松,3354
檀香,3355
麝香,3356
琥珀,3357
橡苔,3358
香根草,3359
麝香,3360
琥珀,3361
麝香,3362
柏樹,3363
香根草,3364
麝香,3365
雪松,3366
琥珀,3367
橡苔,3368
檀木琥珀麝香雪松橡木,3369
白琥珀,3370
雪松,3371
香根草,3372
廣藿香,3373
胭紅麂絨,3374
檀香木,3375
廣藿香,3376
香草,3377
雪松,3378
香根草,3379
麝香,3380
橡苔,3381
巴西玫瑰木,3382
紫羅蘭,3383
香草,3384
沒藥,3385
廣藿香,3386
勞丹脂,3387
香根草,3388
木本,3389
檀木,3390
白麝香,3391
羊絨,3392
麝香,3393
檀香,3394
雪松,3395
廣香,3396
零陵香豆,3397
可可莢,3398
肉桂,3399
果仁糖香草,3400
白雪松,3401
麝香,3402
唐卡豆,3403
柏樹,3404
無花果葉,3405
麝香,3406
紅雪松,3407
杜松,3408
開心果,3409
琥珀,3410
沉香木,3411
廣藿香,3412
沒藥,3413
勞丹脂,3414
廣藿香,3415
金發樹林,3416
香草,3417
檀香木,3418
澳洲檀香木安息香萃取印尼廣藿香,3419
喜瑪拉雅雪松,3420
絲柏,3421
煙草香草,3422
烏木琥珀麝香,3423
香根草,3424
檀香木,3425
雪松,3426
乳香,3427
廣藿香,3428
香根草麂皮龍涎香,3429
皮質香,3430
棉花糖,3431
香草,3432
檀香,3433
天芥菜,3434
癒創木,3435
奶油麝香,3436
薄荷檀香琥珀香,3437
檀香,3438
麝香,3439
廣藿香,3440
弗吉尼亞雪松,3441
琥珀,3442
香根草,3443
廣藿香,3444
檀香木,3445
香料,3446
喜瑪拉雅雪松絲柏,3447
勞丹脂,3448
檀香,3449
柏樹,3450
杜松漿果,3451
喀什米爾木,3452
雪松木,3453
零陵香豆,3454
癒創木,3455
廣藿香,3456
苔蘚,3457
琥珀,3458
珍貴木材,3459
零陵香豆,3460
勞丹脂,3461
雪松,3462
奶油檀香,3463
麝香,3464
香根草,3465
雪松弗吉尼亞州,3466
香,3467
安息香,3468
橡樹苔,3469
麝香,3470
費洛蒙,3471
檀香,3472
依蘭,3473
琥珀,3474
喀什米爾麝香,3475
安息香脂,3476
白麝香,3477
香料,3478
紙莎草,3479
琥珀,3480
廣藿香,3481
可可,3482
苦橙葉,3483
弗吉尼亞雪松,3484
檀香,3485
香料,3486
白色廣藿香,3487
雪松,3488
檀香,3489
香子蘭,3490
苔蘚,3491
印尼廣香,3492
印度檀香,3493
琥珀,3494
香草,3495
皮革,3496
琥珀,3497
廣藿香,3498
安息香,3499
櫟樹,3500
檀香,3501
麝香,3502
香草花,3503
廣藿香,3504
牛奶慕斯,3505
黑香草果殼,3506
開司米木,3507
琥珀,3508
麝香,3509
藏紅花,3510
木香調,3511
黑莓,3512
紫羅蘭,3513
檀香,3514
麝香,3515
覆盆子,3516
香草,3517
桃,3518
香根草,3519
檀木,3520
麝香,3521
木麝香,3522
鳶尾草,3523
麝香,3524
琥珀,3525
木本,3526
杏皮,3527
檸檬樹木,3528
琥珀,3529
香草,3530
木香,3531
雪松,3532
白麝香,3533
安息香,3534
香草,3535
克什米爾麝香,3536
廣藿香,3537
nan,3538
波旁香草,3539
麝香,3540
香草,3541
廣藿香,3542
皮革,3543
安息香,3544
香根草,3545
麝香,3546
橡苔和水晶琥珀,3547
中美洲癒創木,3548
大黃,3549
廣藿香,3550
琥珀,3551
白麝香,3552
麝香,3553
香根草,3554
愈創木,3555
紙莎草紙,3556
海地香根草,3557
零陵香豆,3558
安伯伍德,3559
香根草,3560
琥珀,3561
廣藿香,3562
香根草,3563
雪松珀,3564
香草,3565
琥珀,3566
麝香,3567
廣藿香,3568
檀香木,3569
香根草,3570
苔蘚,3571
乳香脂,3572
杜松,3573
雪松,3574
琥珀,3575
勞丹脂,3576
琥珀,3577
皮革,3578
零陵香木,3579
薰草豆,3580
安息香,3581
白麝香琥珀廣藿香,3582
麝香,3583
琥珀,3584
奶油木,3585
檀香,3586
麝香,3587
巴西玫瑰木,3588
羊絨木,3589
甜東卡豆,3590
羊絨木,3591
香柏木,3592
癒創木,3593
nan,3594
芳香草藥,3595
白麝香,3596
澳大利亞檀香木,3597
白木,3598
煙草,3599
麂皮,3600
廣藿香,3601
橡苔,3602
香脂冷杉,3603
皮革,3604
麝香,3605
沒藥,3606
香根草,3607
肉豆蔻,3608
黑胡椒,3609
豆蔻,3610
檀香,3611
香,3612
乳香,3613
白麝香,3614
麝香,3615
檀香木,3616
紅木,3617
檀香木,3618
癒創木,3619
麝香,3620
龍涎香醚,3621
檀香,3622
香草,3623
廣藿香,3624
麝香,3625
白麝香,3626
黑琥珀,3627
琥珀,3628
麝香,3629
香草,3630
香根草,3631
鳶尾根,3632
檀香,3633
香草,3634
柔,3635
的麝香,3636
雪松,3637
醇厚香氣,3638
安伯格里斯,3639
安柏伍德,3640
癒創木,3641
雪松,3642
黑麝香,3643
廣香,3644
結晶苔蘚,3645
麝香,3646
檀香,3647
香草,3648
麝香,3649
白檀香,3650
鳶尾,3651
檀香木調,3652
日曬木質芳香,3653
鳶尾草,3654
安息香,3655
麝香,3656
美洲雪松,3657
波旁香根草,3658
印度尼西亞廣藿香,3659
琥珀,3660
香草,3661
麝香,3662
廣藿香,3663
巴西花梨木,3664
麝香,3665
琥珀,3666
香草,3667
龍涎酮,3668
雪松,3669
檀木,3670
龍涎香,3671
廣藿香,3672
香根草,3673
皮革,3674
雪松,3675
檀香,3676
琥珀,3677
麝香,3678
綠茶,3679
木香,3680
檀香,3681
香草,3682
琥珀,3683
安息香,3684
安息香,3685
雪松,3686
檀香,3687
琥珀,3688
麝香,3689
香根草,3690
巴西玫瑰木,3691
桃,3692
雪松,3693
麝香,3694
樹木,3695
廣藿香,3696
香草,3697
雪松,3698
木質香,3699
無花果樹,3700
草,3701
白麝香,3702
琥珀,3703
零陵香豆,3704
橡苔,3705
羊絨森林,3706
桃子,3707
薑餅,3708
麝香,3709
檀香,3710
白麝香,3711
苔蘚,3712
白木,3713
廣藿香精華,3714
木材,3715
nan,3716
麝香,3717
廣藿香,3718
檀香,3719
木質香,3720
透明琥珀,3721
雪松,3722
檀香,3723
金發木材,3724
麝香,3725
麝香,3726
檀香,3727
香草,3728
琥珀,3729
唐卡豆,3730
雪松,3731
乳香,3732
烏木沉香,3733
牛奶慕絲,3734
喀什米爾木,3735
黃瓜,3736
羅勒,3737
琥珀,3738
鳶尾花,3739
橡樹苔,3740
廣藿香,3741
白麝香,3742
白麝香,3743
零陵香豆,3744
香根草,3745
雪松木,3746
廣藿香,3747
白雪松,3748
雪松,3749
香根草,3750
羊絨,3751
印度尼西亞廣藿香葉,3752
nan,3753
苔蘚,3754
桐樹,3755
芳草,3756
雪松,3757
龍膽,3758
白麝香,3759
琥珀,3760
木香調,3761
麝香,3762
勞丹脂,3763
香草,3764
黑香豆廣藿香,3765
琥珀色的協議,3766
橡樹苔,3767
香根草,3768
雪松,3769
廣香,3770
香根草,3771
nan,3772
白色琥珀,3773
降龍涎香醚,3774
橡苔,3775
皮革,3776
藏紅花,3777
香脂,3778
橡樹苔,3779
烏木,3780
木香,3781
薰草豆,3782
香草,3783
檀香,3784
白麝香,3785
紫羅蘭,3786
白麝香,3787
伍茲,3788
琥珀,3789
麝香,3790
橡木苔,3791
黑檀紅木,3792
香柏木甜蜜琥珀,3793
廣藿香,3794
覆盆子,3795
麝香,3796
雪松,3797
黑醋栗,3798
保加利亞玫瑰,3799
麝香,3800
雪松,3801
龍涎香,3802
艾草,3803
麝香,3804
苔蘚,3805
巴布羅康,3806
白革,3807
鳶尾根,3808
廣藿香,3809
檀香,3810
木香,3811
麝香,3812
花梨木,3813
琥珀,3814
麝香,3815
白巧克力,3816
廣藿香,3817
羊絨木,3818
蕨菜,3819
琥珀,3820
麝香,3821
廣藿香,3822
橡苔,3823
廣藿香,3824
皮革,3825
苔蘚韻調,3826
蘋果樹,3827
麝香,3828
槭木,3829
檀香木笞雪松,3830
馬達加斯加香草,3831
澳大利亞檀香木,3832
廣藿香香根草,3833
琥珀雪松,3834
零陵香豆,3835
杏仁,3836
安息香,3837
香草,3838
雪松,3839
勞丹,3840
雪松,3841
龍涎香,3842
麝香,3843
柔和香粉調,3844
洗衣香,3845
薰草豆,3846
琥珀,3847
廣藿香,3848
麝香,3849
香草,3850
黑巧克力,3851
焦糖,3852
琥珀,3853
李子,3854
木質香,3855
錫蘭檀香,3856
簽名焦糖,3857
波旁香草,3858
香根草,3859
雪松,3860
白麝香,3861
妥魯香脂,3862
雪松香根草烏木琥珀,3863
琥珀零陵香豆安息香脂椰子,3864
鳶尾,3865
檀香,3866
麝香,3867
橡木,3868
雪松,3869
公丁香,3870
鳶尾花,3871
琥珀,3872
檀香木,3873
香草,3874
麝香,3875
龍涎香,3876
麝香,3877
香草,3878
麝香,3879
檀香,3880
廣藿香,3881
檀香木,3882
阿特拉斯雪松,3883
烏木樹,3884
廣藿香,3885
琥珀,3886
皮革,3887
麝香,3888
香草,3889
白琥珀,3890
麝香,3891
檀香,3892
西班牙雪松,3893
苔蘚,3894
琥珀,3895
香草,3896
琥珀,3897
印度廣藿香,3898
琥珀,3899
仙人掌,3900
棉花花,3901
雪松,3902
廣藿香,3903
託盧香脂,3904
香根草,3905
廣藿香,3906
皮革,3907
木,3908
樹林,3909
雪松,3910
透明麝香,3911
nan,3912
檀香木,3913
白麝香,3914
鳶尾,3915
紫羅蘭,3916
麝香,3917
香蒲豆,3918
廣藿香,3919
勞丹脂,3920
麝香,3921
檀香木,3922
乳香,3923
香草,3924
白麝香,3925
香草,3926
檀香,3927
零陵香豆,3928
雪松,3929
檀香,3930
薰香,3931
希蒂鶯,3932
檀香木,3933
肉桂,3934
蘋果樹,3935
天芥菜,3936
夾竹桃,3937
柏樹,3938
香根草,3939
廣藿香,3940
麝香,3941
雪松,3942
香草,3943
安息香,3944
木香,3945
降龍涎醚,3946
太妃糖,3947
廣藿香,3948
麝香,3949
廣藿香,3950
雪松,3951
琥珀,3952
肉桂,3953
香草,3954
琥珀,3955
廣香,3956
果仁糖,3957
勞丹脂,3958
皮革,3959
燻草豆,3960
廣藿香,3961
麝香,3962
橡苔,3963
零陵香豆,3964
愈傷草,3965
煙草葉,3966
愈創木,3967
橡苔,3968
雪松,3969
花梨木,3970
琥珀,3971
麝香,3972
菸草,3973
檀香,3974
琥珀,3975
廣藿香,3976
橡苔,3977
香根草,3978
肉荳蔻,3979
鳶尾花,3980
琥珀,3981
廣藿香,3982
白百合,3983
木本筆記,3984
麝香,3985
檀香,3986
琥珀,3987
廣藿香,3988
麝香,3989
木莓,3990
香草,3991
黑巧克力,3992
橡苔,3993
香根草,3994
廣藿香葉,3995
雪松,3996
琥珀,3997
香豆素,3998
皮革,3999
檀香,4000
琥珀,4001
廣藿香,4002
麝香,4003
橡苔,4004
雪松,4005
琥珀,4006
桃花木,4007
麝香,4008
葡萄柚,4009
橘子,4010
橘子,4011
玫瑰,4012
奶油檀香,4013
香根草,4014
鹹麝香,4015
廣藿香,4016
橡苔,4017
皮革,4018
麝香,4019
烏木,4020
雪松,4021
香根草,4022
琥珀,4023
香根草油,4024
麝香,4025
雪松,4026
檀香木,4027
琥珀,4028
苯偶姻,4029
檀香木,4030
安息香,4031
麝香,4032
琥珀,4033
檀香木,4034
廣藿香,4035
香草,4036
琥珀,4037
雪松,4038
琥珀,4039
藏紅花,4040
香草,4041
琥珀,4042
麝香,4043
雪松,4044
麝香,4045
琥珀木,4046
芳香根莖,4047
綜木,4048
通卡豆,4049
香根草,4050
檀香木,4051
琥珀,4052
