"top_note","product_id"
綠色杏仁,1
冰梨,2
檸檬草,3
意大利青檸,4
葡萄柚,5
檸檬,6
香檸檬,7
菠蘿,8
甜瓜,9
杜松子,10
薄荷,11
葡萄柚,12
阿馬爾菲檸檬,13
檸檬,14
檸檬馬鞭草,15
虹膜,16
意大利檸檬,17
格蘭尼史密斯蘋果,18
nan,19
椰子水,20
佛手柑檸檬橘子梨,21
香櫞生薑臭氧,22
姜,23
綠荳蔻,24
菠蘿植物香調橘子番木瓜佛手柑荳蔻檸檬,25
黑莓,26
杏子,27
蜜橘及小豆蔻,28
杜松子酒,29
檸檬,30
佛手柑,31
橘子,32
薄荷,33
香菜,34
大料,35
香檸檬,36
柑橘,37
佛手柑,38
橙花,39
柑橘,40
佛手柑,41
橙子,42
苦橙葉,43
檸檬,44
小豆蔻,45
佛手柑,46
阿馬爾菲檸檬,47
龍蒿,48
百里香,49
鼠尾草,50
黑草莓,51
橙花,52
胡椒,53
覆盆子,54
無花果,55
鼠尾草,56
艾草,57
小茴香,58
佛手柑,59
檸檬雪松,60
柑橘,61
藍莓,62
荔枝,63
佛手柑,64
桃金孃,65
薰衣草,66
葡萄柚柑桔佛手柑,67
法國茉莉,68
黑松露,69
依蘭,70
黑加侖,71
柑橘,72
西西里檸檬,73
橙,74
粉紅胡椒,75
枸杞,76
杏花蜜,77
尤加利,78
迷迭香,79
橘子,80
龍蒿,81
羅勒,82
橘子,83
椰子,84
菠蘿,85
菠蘿,86
菠蘿,87
菠蘿,88
菠蘿,89
菠蘿,90
菠蘿,91
菠蘿,92
菠蘿,93
菠蘿,94
菠蘿,95
紅蘋果肉桂,96
梨,97
蓮花,98
木蘭,99
蘋果,100
檸檬,101
橘子,102
橙花,103
馬鞭草,104
香檸檬,105
葡萄柚,106
杜松子酒,107
杜松子,108
大黃,109
薄荷,110
陳皮,111
佛手,112
檸檬,113
鼠尾草,114
薰衣草,115
保加利亞玫瑰,116
茉莉花,117
橙花,118
香菜,119
羅勒,120
葡萄柚,121
石榴,122
柚子,123
米拉貝爾,124
紅醋栗葉,125
西西里佛手柑,126
葡萄柚,127
糖蘭花,128
仙人掌白,129
紅雪松,130
霓虹琥珀,131
香草,132
紫羅蘭葉,133
佛手柑,134
西西里島杏仁,135
八角茴香,136
香檸檬,137
香橙,138
無花果,139
檸檬,140
橘子,141
葡萄柚,142
荳蔻,143
黑胡椒,144
迷迭香,145
干邑,146
血橙精華,147
覆盆子,148
意大利香檸檬,149
荔枝,150
氣泡梨,151
多汁覆盆子,152
柑桔橙,153
柑橘,154
金橘,155
西柚檸檬柑橘,156
意大利檸檬,157
海洋氣息,158
白松香,159
絲柏中調,160
青蘋果,161
橙,162
檸檬,163
常春藤茴香康乃馨,164
朗姆酒,165
香草蘭,166
水仙,167
粉紅胡椒,168
土耳其玫瑰,169
檸檬,170
佛手柑,171
葡萄柚,172
鈴蘭,173
牡丹,174
鳶尾花,175
翠綠露水,176
葡萄柚,177
黑加侖,178
紫羅蘭葉,179
樹莓,180
水,181
康乃馨,182
肉桂,183
胡椒,184
檸檬,185
橙,186
芫荽葉,187
小荳蔻,188
桃,189
檸檬,190
佛手柑,191
橙花油,192
梨果汁,193
紫羅蘭葉,194
檸檬精華,195
薄荷精華,196
佛手柑精華,197
香橙,198
橘子,199
紅蘋果,200
香料,201
黑莓,202
柑橘香味,203
多汁的石榴,204
橙,205
覆盆子,206
焦糖,207
佛手柑油,208
植物萃取,209
粉紅胡椒精華,210
佛手柑,211
橙花,212
粉紅胡椒,213
胡椒,214
橘子,215
琥珀,216
辛香,217
烏木,218
生薑,219
皮革,220
鼠尾草,221
紫羅蘭,222
麝香,223
薰衣草,224
廣藿香,225
橙花,226
楊桃楊桃,227
迷迭香,228
草,229
五月玫瑰,230
佛手柑,231
天芥菜,232
小茴香,233
香檸檬小豆蔻粉紅胡椒開心果,234
醛,235
茉莉花,236
風信子,237
佛手柑,238
黑醋栗,239
佛手柑,240
檸檬,241
青檸,242
紫羅蘭葉,243
生薑,244
柚子,245
葡萄柚,246
桃紅色胡椒,247
野莓,248
香檳,249
柑桔,250
胡椒,251
梨,252
小荳蔻,253
艾蒿,254
葡萄柚,255
卡拉布裏亞佛手柑,256
紅花椒,257
小荳蔻,258
青柑橘,259
葡萄,260
黑醋栗,261
肉豆蔻,262
檀香,263
麝香,264
桃花,265
橙花,266
葡萄柚,267
柚子,268
檸檬,269
香檸檬,270
荔枝,271
桃,272
橘子,273
睡蓮,274
蘋果,275
甜橙,276
杏子,277
意大利血橙,278
菠蘿,279
青香,280
柑橘,281
木瓜,282
佛手,283
荳蔻,284
檸檬,285
香檸檬,286
水,287
西番蓮,288
葡萄柚,289
佛手柑,290
檸檬,291
小荳蔻,292
柑橘,293
佛手柑,294
黑胡椒,295
鈴蘭黃葵子,296
石灰,297
綠草,298
橘子,299
佛手柑,300
黑醋栗,301
檸檬,302
綠色橙,303
佛手柑,304
血橙,305
馬鬱蘭,306
小荳蔻,307
橘子,308
黑胡椒,309
皮革,310
香料,311
勞丹脂,312
葡萄柚,313
柚子,314
桃,315
佛手,316
桃金娘,317
羅勒,318
檸檬,319
柑橘,320
卡拉布裏亞佛手柑,321
橘子,322
橙花橙,323
天芥菜,324
意大利檸檬,325
黑醋栗,326
梨,327
菠蘿,328
佛手柑,329
葡萄柚,330
香根草,331
草,332
石灰,333
薄荷,334
意大利紫羅蘭,335
弗吉尼亞雪松,336
野花,337
泡泡糖,338
柑橘蜜餞,339
意大利香橙,340
肉桂,341
黑加侖子,342
小豆蔻,343
nan,344
羅勒,345
康乃馨,346
虹膜,347
柚子,348
生薑,349
琥珀,350
雪松,351
香脂,352
樺樹,353
荳蔻,354
茯苓皮,355
西柚,356
荳蔻,357
蘋果,358
薰衣草,359
葡萄柚,360
肉荳蔻,361
黑胡椒,362
粉紅胡椒,363
血橙,364
杜松子,365
西西里檸檬,366
柑橘,367
橙子白松香檸檬,368
佛手柑,369
黑莓,370
紫羅蘭,371
生薑,372
胡椒,373
葡萄柚,374
小荳蔻,375
柚子,376
青蘋果,377
八角,378
紅蘋果,379
蘋果,380
雪松,381
風鈴草,382
西西里檸檬,383
清甜多汁的葡萄柚,384
香檸檬,385
檸檬,386
香櫞,387
果香凝聚,388
盪漾香甜,389
蔓越莓,390
粉紅胡椒,391
粉紅胡椒,392
鼠尾草,393
柑橘,394
紅醋栗,395
梨和橘子,396
香檸檬,397
柑橘,398
黑醋栗,399
梨葉,400
粉紅胡椒,401
椰子柑橘,402
金桔,403
茉莉,404
仙客來,405
粉紅牡丹花,406
玫瑰,407
葡萄柚,408
荔枝,409
格拉斯和大馬士革玫瑰,410
佛手柑,411
青蘋果,412
梨子,413
檸檬,414
白鬆香,415
肉豆蔻,416
橙,417
柚,418
紅醋栗,419
檸檬,420
椰棗,421
橙花油,422
梨葉,423
雪松,424
香檸檬,425
水生筆記,426
香檸檬,427
葡萄柚,428
無花果葉,429
鳶尾草柑橘鹿尾草,430
小蒼蘭,431
橙花和佛手柑,432
梨,433
百合,434
佛手柑,435
桃紅色胡椒,436
桂香,437
阿馬爾菲檸檬,438
酸橙,439
血橙,440
柑橘精油,441
佛手柑,442
冬梨,443
檸檬皮,444
紅醋栗,445
梨,446
桃子,447
粉紅胡椒,448
nan,449
佛手柑,450
黑醋栗,451
蘋果,452
粉紅胡椒,453
檀香,454
零陵香豆,455
廣藿香,456
芒果,457
鼠尾草,458
柑橘,459
檸檬,460
蒿木,461
橙,462
竹,463
佛手柑,464
阿方索芒果,465
油桃,466
血橙,467
保加利亞玫瑰白茉莉橙花,468
糖漬檸檬百香果山桃,469
香菜,470
薰衣草,471
薑黃,472
茶,473
葡萄柚,474
橙花,475
天竺葵,476
香檸檬,477
藍檸檬,478
葡萄柚,479
綠葉,480
薄荷,481
檸檬葉,482
野生草莓,483
紫羅蘭葉,484
葡萄果實,485
橘子,486
快樂鼠尾草,487
蕨類植物,488
海水,489
柑橘香根草粉紅胡椒,490
佛手柑,491
薰衣草,492
橘子,493
羅勒,494
天竺葵,495
檸檬,496
生薑,497
荳蔻,498
胡椒,499
葡萄柚,500
薄荷,501
生薑,502
橙花,503
覆盆子,504
紫羅蘭,505
柑桔,506
柑橘,507
粉紅胡椒,508
薄荷,509
鼠尾草,510
杏仁奶,511
香檸檬,512
桃紅辣椒,513
玉蘭,514
鳶尾,515
綠色普通話,516
黑醋栗,517
紅醋栗,518
佛手柑,519
橘子,520
粉紅胡椒,521
佛手柑,522
檸檬,523
葡萄柚,524
佛手柑,525
粉紅胡椒,526
山風,527
佛手柑,528
豆蔻,529
阿馬爾菲檸檬,530
法國馬鞭草,531
法國馬鞭草,532
nan,533
黑醋栗,534
黑醋栗,535
小蒼蘭,536
橘子,537
佛手柑,538
康乃馨,539
桃,540
橙花,541
玫瑰,542
巴西玫瑰木,543
梨子,544
佛手柑,545
粉紅胡椒,546
李子,547
黑胡椒,548
佛手柑,549
佛手柑,550
橘子,551
生薑,552
阿馬爾菲檸檬,553
橙花,554
佛手柑,555
柑橘,556
檸檬桃子哈密瓜,557
佛手柑,558
胡荽,559
羅勒,560
佛手柑,561
橙花,562
鑽石橘皮,563
梨,564
薄荷,565
檸檬,566
葡萄柚,567
橘子,568
綠丁香,569
柑橘,570
裏德,571
薄荷,572
粉紅胡椒,573
草莓,574
菠蘿,575
檸檬,576
百香果,577
荳蔻,578
檀香,579
佛手柑,580
檸檬,581
nan,582
胡椒,583
八角茴香,584
醛,585
艾蒿,586
香菜,587
薰衣草,588
綠色元素,589
奈若利橙花,590
佛手柑,591
檸檬,592
橙色,593
羅勒,594
佛手柑,595
巴西紅木,596
檸檬,597
石灰,598
橘子,599
桃紅色胡椒,600
橙,601
柑橘,602
粉紅胡椒,603
青蘋果,604
草莓,605
佛手柑,606
橘子,607
藍色風信子,608
無花果葉,609
柑橘香,610
檸檬,611
香檸檬,612
茉莉,613
玫瑰,614
石榴,615
百香果,616
開心果,617
佛手柑,618
橙花,619
柑橘,620
綠野甘香,621
多種綠葉,622
荔枝,623
柚子,624
菠蘿葉,625
橘子,626
薄荷,627
草木香調,628
薰衣草,629
香菜,630
迷迭香,631
青檸,632
柑橘和丁子香,633
石灰,634
梅花,635
佛手,636
紅蘋果,637
香檸檬,638
菠蘿冰糕,639
覆盆子,640
薰衣草,641
樺樹香氣,642
佛手柑,643
相思樹,644
薰衣草,645
鼠尾草,646
佛手柑,647
苦橙,648
玉蘭,649
白玫瑰,650
琥珀,651
木質香調,652
石榴,653
粉紅胡椒,654
醋栗,655
覆盆子,656
佛手柑,657
橙子,658
葡萄柚,659
艾蒿,660
香菜,661
鼠尾草,662
柏樹,663
檸檬,664
桂花,665
黑醋果,666
粉紅胡椒,667
卡拉布裏亞佛手柑,668
突尼斯橙花,669
薰衣草,670
茴香,671
柑橘,672
小蒼蘭,673
白葡萄酒,674
苦橙葉,675
粉紅胡椒,676
黑莓,677
深紅色水果,678
檸檬,679
橘子,680
佛手柑,681
蜜餞蘋果,682
梨,683
柚子,684
生薑,685
胡椒,686
佛手柑,687
梨,688
黑莓,689
黑醋栗,690
葡萄柚,691
黑莓,692
柏樹,693
香菜,694
薰衣草,695
青香,696
果香,697
辛辣調,698
薄荷,699
佛手柑,700
柏樹,701
荳蔻,702
艾蒿,703
薄荷,704
水,705
橙花,706
花,707
五香粉,708
小蒼蘭紫,709
玫瑰,710
皮革,711
李子,712
葡萄柚,713
粉紅胡椒,714
卡拉布里亞佛手柑,715
西西里檸檬,716
佛手柑,717
薰衣草,718
羅勒,719
苦橙,720
佛手瓜,721
檸檬,722
水仙,723
薄荷,724
玫瑰天竺葵,725
茉莉,726
香料,727
廣藿香,728
鳶尾花,729
雪松,730
果香,731
佛手柑,732
橘子,733
梨,734
佛手柑,735
粉紅胡椒,736
葡萄柚,737
佛手柑橘子粉紅胡椒,738
玉蘭,739
酸櫻桃,740
覆盆子,741
橙,742
佛手柑,743
橙花,744
黑胡椒,745
菠蘿雪葩,746
柑橘,747
月桂葉,748
梨薑,749
青蘋果,750
橘子,751
粉紅胡椒,752
鼠尾草,753
快樂鼠尾草薰衣草,754
紫羅蘭葉薑香櫞,755
阿馬爾菲檸檬,756
香檸檬,757
杜松,758
粉紅葡萄柚,759
黑醋栗,760
佛手,761
生薑,762
鹽,763
柑橘佛手柑黑胡椒,764
橘子,765
檸檬草,766
綠橙,767
青蘋果,768
荳蔻,769
大黃,770
柑橘,771
柑橘,772
菠蘿冰沙,773
無花果葉,774
粉紅胡椒,775
橘子,776
香草莢,777
醛,778
杜松子,779
薰衣草,780
羅勒,781
香菜,782
香菜,783
檸檬,784
小荳蔻,785
生薑,786
羅勒,787
辣薄荷,788
佛手柑,789
橘子,790
柚子花,791
糖,792
葡萄柚,793
佛手柑,794
白松香,795
朗姆酒,796
香料,797
粉紅胡椒,798
姜,799
橙子花,800
石榴,801
紅蘋果,802
紙莎草,803
琥珀,804
大吉嶺紅茶,805
佛手柑,806
肉荳蔻,807
紅辣椒,808
紫葉,809
桃花,810
紫羅蘭葉,811
竹,812
金桔,813
柚子,814
柑橘,815
蘋果,816
小蒼蘭粉色牡丹荔枝,817
柚子,818
檸檬,819
水果,820
佛手柑,821
蘋果,822
留蘭香,823
乙醛香,824
粉紅胡椒,825
白玫瑰,826
橙花醇,827
橙花,828
千金子藤,829
蜜橘,830
荔枝,831
葡萄柚,832
佛手柑,833
葡萄柚,834
香料,835
荳蔻,836
白茶,837
米,838
佛手柑,839
橙,840
蓮花,841
檸檬留蘭香薄荷檸檬草,842
青檸,843
橡樹木,844
西柚,845
馬達加斯加,846
李子,847
蘋果,848
肉桂,849
黑醋栗,850
玉蘭,851
橘子,852
橙花,853
香檸檬,854
醛,855
馬鞭草,856
佛手柑,857
nan,858
粉紅胡椒,859
生薑,860
綠色協調,861
百里香,862
佛手柑,863
葡萄柚,864
檸檬,865
姜,866
薰衣草,867
薄荷,868
康乃馨,869
肉桂,870
胡椒,871
檸檬,872
玫瑰,873
香醋,874
紅辣椒,875
鹽,876
柚子,877
櫻花,878
李子,879
風信子,880
橙子,881
依蘭依蘭,882
青蘋果,883
黑加侖,884
橙花油,885
覆盆子,886
橘子,887
菠蘿,888
漿果草莓,889
覆盆子,890
黑醋栗,891
卡拉布裏亞香檸檬,892
黑醋栗,893
覆盆子,894
粉紅胡椒,895
菠蘿,896
紅醋栗,897
香水檸檬,898
聖人,899
小蒼蘭,900
青芒果,901
廣藿香,902
琥珀,903
香草,904
佛手柑,905
勞丹脂,906
佛手柑,907
橙花,908
紅醋栗果醬,909
粉紅玫瑰,910
桃,911
橘子,912
粉紅胡椒,913
檸檬,914
佛手柑,915
杏仁,916
荔枝,917
杏仁,918
洋甘菊,919
橘子,920
杜松,921
羅勒,922
鼠尾草,923
佛手柑,924
檸檬,925
辣味,926
香檸檬,927
檸檬,928
荳蔻,929
黑莓,930
檸檬,931
梨,932
檸檬花,933
甜豌豆,934
香菜,935
柑橘,936
柚子,937
紫羅蘭,938
葡萄柚,939
鼠尾草,940
荳蔻,941
香菜種子,942
鼠尾草,943
姜,944
椰子花蜜,945
八角茴香,946
肉荳蔻,947
荳蔻,948
仙人掌,949
龍舌蘭,950
向日葵,951
水生香草,952
香檸檬,953
橘子,954
香檸檬,955
柚子,956
小麥生薑葡萄柚青草,957
櫻桃,958
鳶尾花,959
玫瑰紫羅蘭,960
葡萄柚,961
鼠尾草,962
橘子,963
鼠尾草,964
佛手柑,965
檸檬,966
豆蔻,967
欖香木,968
黑胡椒,969
綠波,970
佛手柑,971
黑醋栗,972
粉紅胡椒,973
柑橘,974
橙,975
佛手柑,976
葡萄柚,977
粉紅胡椒,978
佛手柑,979
柏樹,980
紫羅蘭,981
粉紅胡椒檸檬橙花油,982
龍涎香,983
中國橙,984
龍蒿,985
仙人掌,986
花椒,987
紅蘋果,988
檸檬油,989
風信子,990
白麝香,991
苦橙葉,992
香菜,993
佛手柑,994
阿馬爾菲檸檬,995
酸橙,996
鼠尾草,997
香菜,998
檀香荳蔻杜松漿果,999
菠蘿,1000
紫藤,1001
小蒼蘭,1002
牡丹,1003
風信子,1004
蘋果,1005
香豌豆,1006
香檸檬,1007
檸檬,1008
檸檬皮,1009
青檸,1010
葡萄柚,1011
金橘,1012
西番蓮,1013
橘子,1014
青蘋果,1015
柑橘,1016
佛手柑,1017
葡萄柚,1018
酸棗姜,1019
巴西橙,1020
石灰,1021
梔子花和橘子,1022
李子,1023
橙花,1024
意大利檸檬,1025
佛手柑,1026
突尼斯橙花,1027
青梨,1028
水梅,1029
青蘋果,1030
黑櫻桃,1031
柑橘,1032
葡萄柚粉紅胡椒,1033
蘋果,1034
菠蘿,1035
意大利檸檬,1036
佛手柑,1037
柑橘,1038
荔枝,1039
鈴蘭,1040
香檸檬,1041
桃紅色葡萄柚,1042
橘子,1043
佛手柑,1044
香菜,1045
四川辣椒,1046
椰奶,1047
無花果花蜜,1048
檸檬,1049
臻選檸檬,1050
粉紅胡椒,1051
橙花精油,1052
佛手柑,1053
阿馬爾菲檸檬,1054
橘子,1055
橘子,1056
小蒼蘭,1057
蓮花,1058
生薑,1059
覆盆莓,1060
紅葡萄柚,1061
青翠綠葉,1062
洋梨,1063
橘子,1064
葡萄柚,1065
黑醋栗,1066
常春藤,1067
睡蓮,1068
梨,1069
姜,1070
杜松子,1071
紅蘋果,1072
柑桔,1073
羅望子,1074
橘子,1075
橙子,1076
蔓越莓,1077
橙,1078
紫羅蘭,1079
葡萄柚,1080
甜椒,1081
豆蔻,1082
香檸檬,1083
常春藤,1084
青蘋果,1085
佛手柑,1086
梨,1087
薰衣草,1088
波斯樹脂,1089
羅勒,1090
松,1091
豆瓣菜,1092
薄荷,1093
橘子,1094
甜豌豆,1095
桃紅色胡椒,1096
菠蘿葉,1097
瓜,1098
麂皮絨,1099
薰衣草,1100
梨,1101
荔枝,1102
小蒼蘭,1103
生薑,1104
雪松,1105
香菜,1106
苦橙,1107
蘋果,1108
肉桂,1109
檀香,1110
零陵香豆,1111
廣藿香,1112
芒果,1113
鼠尾草,1114
柑橘,1115
檸檬,1116
蒿木,1117
梨,1118
野玫瑰,1119
綠色柑橘,1120
薄荷,1121
粉紅胡椒,1122
檸檬,1123
菠蘿葉,1124
荳蔻,1125
金橘,1126
橘子,1127
薰衣草橙花柑橘,1128
黑胡椒,1129
肉荳蔻,1130
佛手柑,1131
柑橘檸檬佛手柑,1132
無花果果實,1133
葡萄柚,1134
迷迭香,1135
橘子,1136
姜,1137
意大利甜橙,1138
快樂鼠尾草,1139
海洋微風香調,1140
日本白蕨,1141
檸檬,1142
橙,1143
茶,1144
醛,1145
佛手柑,1146
薰衣草,1147
肉荳蔻花,1148
橙花,1149
橘子,1150
葡萄柚,1151
橘子,1152
梨,1153
白桃,1154
糯米果,1155
大黃葉,1156
佛手柑,1157
橘子,1158
豆蔻,1159
草本,1160
紫羅蘭葉,1161
艾蒿,1162
橘子,1163
柑橘粉色胡椒,1164
水仙,1165
紫羅蘭葉,1166
木瓜,1167
茉莉絕對,1168
荳蔻果實,1169
杏仁咖啡香檸檬檸檬,1170
沉香木,1171
檸檬,1172
紅漿果,1173
香菜,1174
nan,1175
nan,1176
巴西玫瑰木,1177
橙花,1178
巖蘭草,1179
佛手柑柑橘薰衣草,1180
葡萄柚,1181
香檸檬,1182
藏紅花,1183
玫瑰,1184
小蒼蘭,1185
菠蘿,1186
丁香,1187
桃,1188
杏花,1189
百合谷,1190
香檸檬,1191
香檸檬,1192
西柚,1193
橘子,1194
葡萄柚柑橘,1195
茴香,1196
米,1197
波旁酒胡椒,1198
杜松,1199
雪松,1200
佛手柑,1201
檸檬,1202
柑橘佛手柑黑胡椒,1203
橘子,1204
柑橘,1205
克萊門汀,1206
香檸檬,1207
葡萄柚,1208
檸檬,1209
橘子,1210
牡丹,1211
菠蘿,1212
麝香伏特加,1213
紫羅蘭,1214
桃,1215
甜瓜,1216
菠蘿,1217
薄荷,1218
薰衣草佛手柑青檸小荳蔻,1219
柑橘,1220
覆盆子,1221
秋葵籽,1222
葡萄柚黑醋栗綠葉,1223
nan,1224
康乃馨,1225
依蘭,1226
胡椒,1227
粉紅胡椒,1228
紅醋栗,1229
血葡萄柚,1230
蔓越莓,1231
檸檬,1232
藏紅花,1233
巴西綠橙,1234
瓜拉那,1235
苦艾酒,1236
意大利佛手柑,1237
馬鞭草,1238
香菜,1239
拜玫瑰粉紅胡椒,1240
紫羅蘭花,1241
檸檬,1242
肉荳蔻,1243
干邑,1244
白松,1245
橙,1246
晚香玉,1247
小粒,1248
勞丹,1249
佛手柑,1250
豆蔻,1251
柑橘,1252
芒果,1253
木瓜,1254
葡萄柚,1255
草莓奶油,1256
檸檬皮,1257
黑醋栗花蜜,1258
橘子佛手柑葡萄柚花,1259
葡萄柚,1260
荳蔻,1261
龍蒿,1262
大黃,1263
橙,1264
橘子,1265
檸檬馬鞭草,1266
薄荷,1267
番石榴,1268
青蘋果,1269
西瓜,1270
檸檬橙花油香檸檬玫瑰,1271
紫丁香茶葉牡丹桃花,1272
香檳玫瑰,1273
粉紅胡椒,1274
鹽,1275
橘子花,1276
蒿,1277
西西里橙,1278
檀香木,1279
肉桂,1280
杜松子,1281
芫荽,1282
佛手柑芙蓉,1283
檸檬,1284
葡萄柚,1285
日本柚子香櫞香瓜,1286
佛手柑,1287
海洋,1288
佛手柑,1289
柑桔,1290
豆蔻,1291
姜,1292
西西里檸檬,1293
卡拉布裏亞佛手柑,1294
胡椒,1295
葡萄柚,1296
小學,1297
檸檬,1298
梨,1299
粉紅胡椒,1300
荔枝,1301
橘子,1302
麝香,1303
葡萄柚,1304
玫瑰,1305
佛手柑,1306
牡丹,1307
雪松,1308
檀香,1309
茉莉,1310
生薑,1311
綠色元素,1312
百里香,1313
佛手柑,1314
葡萄柚,1315
橙花,1316
木蘭,1317
桃子,1318
橘子,1319
甜瓜,1320
胡椒,1321
黃水仙,1322
火參,1323
荳蔻,1324
羅勒,1325
佛手柑橙花,1326
黑醋粟,1327
佛手柑,1328
梨,1329
佛手柑,1330
苦橙葉和小荳蔻,1331
nan,1332
紅醋栗,1333
佛手柑,1334
紅果,1335
火龍果,1336
金銀花,1337
西裡島橙香檸檬巴西花梨木,1338
杜松,1339
豆蔻,1340
佛手柑,1341
葡萄柚,1342
無花果葉,1343
紅色漿果,1344
乙醛香粉紅胡椒白玫瑰,1345
黃葵籽,1346
四川花椒,1347
柑橘佛手柑黑胡椒,1348
葡萄柚,1349
香菜,1350
羅勒,1351
荳蔻,1352
安妮,1353
塔奇巴納科,1354
摩洛哥葡萄柚,1355
佛手柑卡拉布裏亞,1356
辛辣芳香克里米亞香菜,1357
佛手柑青檸欖香脂白玫瑰,1358
胡椒,1359
橘子,1360
姜,1361
辣味,1362
薰衣草,1363
玫瑰油,1364
牡丹,1365
橘子,1366
麝香,1367
琥珀,1368
紫羅蘭葉,1369
廣藿香,1370
黑莓,1371
天竺葵,1372
草,1373
石灰,1374
薄荷,1375
木本筆記,1376
天竺葵,1377
麝香,1378
蘭姆酒,1379
醛艾蒿梔子花佛手柑三葉草百里香沒藥,1380
西西里檸檬,1381
青柑橘青檸苦橙葉,1382
梨雪葩石榴,1383
意大利柑橘皮,1384
香菜葉,1385
手柑,1386
檸檬,1387
大茴香,1388
羅勒,1389
黃檀樹,1390
薰衣草,1391
佛手柑,1392
山胡椒,1393
玫瑰,1394
麝香,1395
石榴,1396
佛手柑,1397
青檸,1398
柚子,1399
葡萄柚,1400
姜,1401
胡椒,1402
荳蔻,1403
佛手柑,1404
葡萄柚,1405
檸檬,1406
粉紅胡椒,1407
梨樹花,1408
白茶,1409
紅醋栗,1410
玫瑰草,1411
檸檬,1412
石榴,1413
桃金娘羅勒檸檬香檸檬,1414
蜜柑橙花香柑,1415
佛手柑葡萄柚無花果葉海洋香調,1416
荔枝,1417
李子,1418
梨花蜜,1419
草莓蛋白,1420
藍風鈴,1421
丁香,1422
柚子,1423
檸檬馬鞭草,1424
羅勒,1425
佛手柑,1426
檸檬,1427
橘子,1428
酸橙,1429
橙花,1430
葡萄柚,1431
西瓜,1432
紫羅蘭,1433
柏樹,1434
佛手柑,1435
豆蔻,1436
小茴香,1437
姜,1438
覆盆子,1439
粉紅胡椒,1440
香檸檬,1441
薰衣草,1442
肉桂,1443
檸檬柑橘甜橙,1444
蜜柑香精,1445
檸檬原生香精,1446
粉紅胡椒,1447
薔薇,1448
克萊門氏小柑橘,1449
忍冬,1450
檸檬,1451
桃子,1452
哈密瓜,1453
麝香,1454
紅色漿果,1455
芥末,1456
柑橘,1457
紫羅蘭葉,1458
荔枝,1459
紅醋栗,1460
紅柚,1461
柑橘,1462
羅勒,1463
佛手柑,1464
綠葉,1465
柑橘,1466
仙人掌花,1467
檸檬,1468
佛手柑青蘋果檸檬皮,1469
橘子,1470
佛手柑,1471
檸檬,1472
野生漿果,1473
感性橙花,1474
葡萄柚,1475
佛手柑,1476
紫羅蘭,1477
玫瑰,1478
薰衣草,1479
快樂鼠尾草,1480
香檸檬,1481
巴西紅木,1482
醛,1483
杜松子,1484
薰衣草,1485
羅勒,1486
香菜,1487
義大利檸檬,1488
馬鬱蘭中調,1489
黑醋栗冰糕,1490
格蘭尼史密斯蘋果,1491
三葉草,1492
勿忘我,1493
常春藤,1494
橘子,1495
蓮花,1496
香檸檬,1497
黑胡椒,1498
桑樹,1499
甜橙花,1500
香檸檬,1501
橘子,1502
玫瑰,1503
百合,1504
木香,1505
青柑橘,1506
柑橘,1507
迷迭香,1508
橙花,1509
苦橙,1510
橙,1511
檸檬,1512
佛手柑,1513
梔子花,1514
無花果葉,1515
無花果,1516
姜,1517
橙花,1518
肉桂,1519
粉紅胡椒,1520
佛手柑,1521
檸檬,1522
檸檬馬鞭草,1523
玫瑰,1524
檸檬,1525
梨,1526
海調,1527
紅色水果,1528
佛手柑,1529
熱情果,1530
金銀花,1531
木犀草,1532
柑橘,1533
鼠尾草,1534
綠色杏仁,1535
佛手柑,1536
荔枝,1537
桃子,1538
卡拉布裏亞香檸檬,1539
草莓,1540
覆盆子,1541
梨,1542
香檸檬,1543
木蘭,1544
鳶尾,1545
牡丹,1546
鳶尾花,1547
香檸檬,1548
大米,1549
姜,1550
檸檬肥皂香,1551
枸杞西柚,1552
甜梨,1553
牡丹,1554
小蒼蘭,1555
荔枝,1556
橙,1557
激情花,1558
芒果,1559
阿馬爾菲檸檬,1560
洋甘菊,1561
薄荷,1562
橘子,1563
海洋元素,1564
橘子,1565
葡萄柚,1566
香檸檬,1567
梔子花,1568
萊姆苦艾油,1569
天芥菜,1570
佛手柑,1571
小茴香,1572
橘子,1573
橙花,1574
桃子,1575
梨,1576
麝香石竹,1577
葡萄柚,1578
檸檬,1579
粉紅胡椒,1580
佛手柑,1581
白蘭地,1582
橙花,1583
粉紅胡椒,1584
佛手柑,1585
檸檬,1586
粉紅胡椒,1587
阿馬爾菲檸檬,1588
薄荷,1589
海鹽,1590
葡萄柚,1591
薰衣草,1592
青蘋果,1593
薄荷,1594
葡萄柚,1595
羅勒,1596
橘子,1597
覆盆子葉,1598
玉蘭,1599
鈴蘭,1600
檸檬,1601
黑醋栗芽,1602
覆盆子,1603
粉紅胡椒,1604
苦橙黑胡椒乳香,1605
蜂蜜,1606
肉桂,1607
佛手柑,1608
玫瑰,1609
檸檬,1610
龍蒿,1611
佛手柑,1612
橘子,1613
白松果,1614
覆盆子,1615
水仙,1616
水香,1617
佛手柑,1618
葡萄柚,1619
柑橘,1620
葡萄柚,1621
天竺葵,1622
生薑,1623
莎草,1624
粉紅胡椒,1625
檸檬薰衣草,1626
薰衣草,1627
香檸檬胡蘿蔔籽,1628
黑莓,1629
梨,1630
藍色紫藤,1631
檸檬,1632
佛手柑,1633
普通話,1634
柑桔,1635
百里香,1636
馬鬱蘭,1637
葡萄柚,1638
黑醋栗,1639
鈴蘭,1640
苦橙葉,1641
小豆蔻,1642
香菜,1643
橙子,1644
葡萄柚,1645
粉紅牡丹,1646
綠蘭花,1647
梨,1648
橙柑橘,1649
荔枝,1650
小蒼蘭和紅胡椒子,1651
牡丹荔枝小蒼蘭,1652
木瓜,1653
玫瑰水,1654
胡蘿蔔種子,1655
香菜,1656
藏紅花,1657
檸檬蕃茄葉子,1658
冷黃瓜,1659
柑桔,1660
蓮花,1661
綠葉,1662
露莓香調,1663
甜橙香精,1664
椰子香調中調,1665
粉紅胡椒橙花公丁香,1666
黑莓檸檬香梨,1667
柚子,1668
粉紅胡椒,1669
白松香,1670
葛縷子果味大黃檸檬橘子佛手柑,1671
佛手柑,1672
龍蒿,1673
朗姆酒,1674
佛手柑粉紅胡椒鼠尾草,1675
佛手柑,1676
橘子,1677
柚子,1678
哈密瓜,1679
檸檬,1680
史密斯奶奶,1681
蘋果,1682
橙子橘子海水,1683
葡萄柚,1684
桃子,1685
黑醋栗,1686
李子,1687
紅莓,1688
紅醋栗,1689
佛手柑,1690
橙花,1691
青蘋果,1692
小蒼蘭,1693
柚木,1694
檸檬,1695
馬拉斯奇諾櫻桃,1696
桃蜜,1697
克里普斯粉紅蘋果,1698
葡萄葉,1699
紫羅蘭葉,1700
玫瑰,1701
孜然,1702
橘子,1703
橙花,1704
佛手柑,1705
豆蔻,1706
橘子,1707
青蘋果,1708
黑醋栗,1709
玫瑰,1710
番石榴,1711
清新海洋,1712
迷迭香,1713
蘋果,1714
橘子,1715
木蘭,1716
皮革,1717
檀香,1718
琥珀,1719
廣藿香,1720
海鹽,1721
柑桔,1722
柑橘梨,1723
橘子,1724
冰糕,1725
覆盆子黑醋栗,1726
醛,1727
橙花,1728
薰衣草,1729
橙花油,1730
香檸檬,1731
百合,1732
天竺葵,1733
粉紅姜,1734
橘子,1735
檸檬,1736
粉紅胡椒,1737
山竹,1738
水,1739
佛手柑,1740
佛手柑,1741
葡萄柚,1742
桃子,1743
橙子,1744
檸檬精華,1745
鼠尾草,1746
佛手柑,1747
柑橘,1748
生薑,1749
黑胡椒,1750
白胡椒,1751
佛手柑,1752
青蘋果,1753
玉蘭,1754
柑橘,1755
藏紅花,1756
葡萄柚,1757
蘋果,1758
柑橘,1759
麝香,1760
杏仁,1761
桃子,1762
鳶尾花,1763
玫瑰,1764
仙客來,1765
香菜,1766
非洲天竺葵,1767
無花果葉,1768
葡萄柚,1769
橙花,1770
巴西紅木,1771
橙花,1772
青蘋果,1773
意大利柑橘,1774
檸檬酒,1775
佛手柑,1776
酸橙,1777
粉紅胡椒,1778
杏,1779
綠葉,1780
小蒼蘭,1781
桃子,1782
魚子醬,1783
石灰,1784
百香果,1785
胡椒,1786
姜,1787
綠茶,1788
柑橘,1789
阿馬爾菲檸檬,1790
醛,1791
甘草,1792
香檸檬葡萄柚檸檬,1793
小豆蔻辣椒柑橘,1794
粉紅胡椒,1795
梔子,1796
檸檬,1797
蘋果,1798
金橘,1799
四季橘,1800
粉紅牡丹,1801
小蒼蘭,1802
荔枝,1803
粉紅胡椒,1804
柑橘,1805
梨子,1806
桃子,1807
蘋果,1808
芒果,1809
嫩葉香調,1810
木香,1811
辛辣,1812
甜瓜,1813
蘋果,1814
佛手柑,1815
檸檬,1816
橙子,1817
欖香脂,1818
檸檬,1819
迷迭香,1820
酸橙,1821
柑橘橙,1822
橘木,1823
香檸檬,1824
姜,1825
葡萄柚,1826
櫻花青蘋果,1827
青椒,1828
卡拉布裏亞佛手柑,1829
葡萄柚,1830
西西里檸檬,1831
佛手柑,1832
醛,1833
桃,1834
橘花,1835
金銀花,1836
鳶尾,1837
肉荳蔻,1838
粉紅胡椒,1839
小荳蔻,1840
生薑,1841
佛手柑,1842
紫羅蘭,1843
康乃馨,1844
覆盆子,1845
桃子,1846
芫荽,1847
橙花,1848
花椒,1849
佛手柑,1850
四川辣椒卡拉布裏亞佛手柑,1851
非洲橙花,1852
粉紅胡椒,1853
開心果,1854
佛手柑,1855
橙花,1856
桃子,1857
綠茶,1858
異國水果,1859
佛手柑,1860
梨,1861
黑醋栗糖漿,1862
小蒼蘭,1863
蓮花,1864
鬆餅,1865
胡椒香檸檬,1866
威廉梨,1867
龍舌蘭酒,1868
石榴紅酒,1869
橙子,1870
佛手柑,1871
甜瓜,1872
菠蘿,1873
佛手柑西柚桔子香紫蘇,1874
波斯樹脂,1875
葡萄柚,1876
杜松子,1877
廣藿香,1878
胡椒,1879
橘子檸檬粉紅胡椒紅色鮮果,1880
梨,1881
橘子,1882
橙,1883
紅醋栗,1884
胡蘿蔔種子,1885
黑胡椒,1886
豆蔻,1887
橙花,1888
檸檬,1889
薄荷,1890
葵子,1891
荔枝,1892
甜瓜,1893
桃子,1894
蘋果,1895
檸檬,1896
薰衣草,1897
葡萄柚,1898
柑橘,1899
小蒼蘭,1900
香,1901
中國桂花,1902
木蘭,1903
椴樹花,1904
橘子,1905
紫丁香,1906
鈴蘭,1907
香檸檬,1908
鳶尾,1909
檸檬馬鞭草,1910
柑橘,1911
水生,1912
石榴,1913
百香果,1914
橘柚,1915
佛手柑,1916
香檸檬,1917
綠茶,1918
黃葵,1919
人參果,1920
意大利檸檬,1921
柑橘,1922
綠葉,1923
粉紅胡椒,1924
玫瑰,1925
桃花,1926
佛手柑香料杏仁,1927
檸檬,1928
迷迭香,1929
荔枝果,1930
香菜,1931
鳶尾,1932
薰衣草,1933
鼠尾草,1934
羅勒,1935
茴香,1936
佛手柑,1937
檸檬,1938
絲柏,1939
中國生薑,1940
危地馬垃荳蔻,1941
艾草,1942
桃子,1943
小蒼蘭,1944
橙子,1945
香菜,1946
橘子,1947
桂花,1948
桃子,1949
佛手柑,1950
檸檬,1951
胡椒,1952
佛手柑,1953
橘子,1954
葡萄柚,1955
橙,1956
葡萄柚,1957
茉莉,1958
蘋果香調,1959
香菜,1960
綠色元素,1961
佛手柑,1962
巴西花梨木,1963
檸檬,1964
粉紅胡椒,1965
梨,1966
印度尼西亞肉荳蔻,1967
欖香脂,1968
佛手柑,1969
西瓜,1970
獼猴桃,1971
麝香,1972
胡椒,1973
葡萄柚,1974
豆蔻,1975
檸檬,1976
石榴,1977
麝香,1978
玫瑰,1979
佛手柑,1980
佛手柑,1981
蘋果,1982
依蘭香,1983
香檸檬,1984
奇異果,1985
鳶尾,1986
檸檬馬鞭草,1987
苦橙,1988
大黃,1989
白蘭地,1990
號石榴,1991
梨,1992
香檸檬,1993
葡萄柚,1994
菠蘿,1995
木瓜,1996
黑醋栗,1997
百合,1998
甜瓜,1999
檸檬,2000
蓮花,2001
nan,2002
葡萄柚,2003
卡拉布裏亞,2004
佛手柑,2005
柑橘,2006
朗姆酒,2007
佛手柑,2008
生薑,2009
荳蔻,2010
黑胡椒,2011
橙花,2012
橙,2013
梨,2014
佛手柑,2015
薄荷,2016
橙,2017
檸檬馬鞭草,2018
苦橙葉,2019
白松香,2020
橘子,2021
佛手柑,2022
麥玫瑰,2023
保加利亞玫瑰,2024
茉莉,2025
芒果,2026
橙花,2027
香檸檬,2028
柑橘,2029
葡萄柚,2030
橙花香調,2031
檸檬精油,2032
柑橘精油,2033
佛手柑精油,2034
粉紅胡椒,2035
紅漿果,2036
小豆蔻,2037
辣椒,2038
葡萄柚,2039
佛手柑,2040
豆蔻,2041
薄荷,2042
杏仁咖啡,2043
佛手柑,2044
小荳蔻,2045
肉桂,2046
菠蘿,2047
柑橘橙花佛手柑,2048
葡萄柚,2049
阿馬爾菲檸檬,2050
柚子,2051
黑胡椒,2052
小荳蔻,2053
佛手柑,2054
葡萄柚,2055
小蒼蘭花,2056
佛手柑,2057
豆蔻,2058
蘋果,2059
橙花,2060
桂花,2061
香檸檬,2062
橘子,2063
粉紅胡椒,2064
意大利檸檬,2065
格蘭尼史密斯蘋果,2066
紅色漿果,2067
橘子薰衣草黑加侖苦橙葉,2068
柚子,2069
冰爽韻調,2070
石榴,2071
橙花苦橙,2072
金橘中調,2073
酸橙,2074
苦橙,2075
粉紅胡椒,2076
梨,2077
紅蘋果,2078
西番蓮,2079
西瓜,2080
紫羅蘭葉,2081
葡萄柚,2082
佛手柑,2083
龍蒿,2084
荔枝,2085
檸檬,2086
佛手柑,2087
檸檬,2088
葡萄柚,2089
橘子,2090
橘子,2091
黑醋栗,2092
番木瓜,2093
蘋果,2094
小荳寇碎冰,2095
雪松,2096
零陵香豆,2097
柑桔,2098
粉紅胡椒,2099
葡萄柚佛手柑,2100
蘋果,2101
香梨,2102
玫瑰中調,2103
佛手柑,2104
柑橘,2105
鈴蘭黃葵子,2106
苦橙葉,2107
豆蔻,2108
檸檬,2109
橙,2110
冷杉,2111
海洋元素,2112
西番蓮,2113
佛手柑,2114
柑桔,2115
黑胡椒,2116
紫羅蘭葉,2117
苦橙葉,2118
豌豆,2119
檸檬和橙子,2120
水果,2121
阿馬爾菲檸檬,2122
玉蘭,2123
樹莓,2124
綠葉,2125
甜瓜,2126
青蘋果,2127
西瓜,2128
檸檬,2129
酸橙,2130
坎帕裏,2131
黑醋栗,2132
迷迭香,2133
佛手柑,2134
芳香薰衣草,2135
柑橘,2136
冰薄荷,2137
杜松子莓,2138
檸檬,2139
柳丁,2140
佛手柑,2141
佛手柑,2142
梨,2143
粉紅胡椒,2144
橙子,2145
檸檬,2146
柑橘,2147
甜橙,2148
乙醛,2149
黑加侖,2150
綠柑,2151
杏,2152
香菜,2153
辣椒,2154
鮮杏仁,2155
番木瓜,2156
香脆蘋果,2157
小荳寇碎冰,2158
海洋元素,2159
臭氧元素,2160
杜松子,2161
橘子,2162
百花香調柑橘紅莓,2163
牡丹,2164
桃花,2165
茶葉,2166
綠丁香,2167
琥珀,2168
麝香,2169
中國桂花,2170
青榆,2171
檸檬,2172
柚子,2173
青竹,2174
柑橘,2175
粉紅葡萄柚,2176
佛手柑卡拉布裏亞,2177
仙人掌汁,2178
黑莓,2179
橙花油,2180
土豆,2181
檸檬,2182
梨,2183
橙,2184
柚子,2185
分子,2186
白松,2187
nan,2188
當歸根,2189
金橘,2190
竹葉,2191
西瓜,2192
橘子,2193
藍莓,2194
青檸,2195
香蕉,2196
紫羅蘭,2197
非洲橙花,2198
nan,2199
柚子,2200
荳蔻,2201
伊萊米,2202
苦橙,2203
玫瑰黑醋栗葉黑醋栗,2204
佛手柑薄荷橘子羅勒,2205
葡萄柚,2206
紅色漿果,2207
迷迭香,2208
橘子,2209
龍蒿,2210
羅勒,2211
蘋果,2212
肉桂,2213
鼠尾草,2214
橘子,2215
荒野茉莉橙花,2216
白梔子,2217
玫瑰,2218
香橙西柚,2219
橙花油,2220
海洋之露,2221
檸檬,2222
香檸檬,2223
鳳梨,2224
檸檬,2225
血橙,2226
青蘋果,2227
麝香,2228
無花果葉,2229
芒果,2230
杜松,2231
佛手柑,2232
橘子,2233
梨,2234
波旁胡椒,2235
山多利那,2236
檸檬,2237
香檸檬,2238
香菜,2239
八角茴香,2240
黑胡椒,2241
百里香,2242
欖香,2243
桃金娘,2244
羅勒,2245
檸檬,2246
香檸檬,2247
朗姆酒,2248
荳蔻,2249
佛手柑香橙西柚青檸檸檬香桃黑醋栗草莓,2250
黑醋栗,2251
波斯樹脂,2252
佛手柑,2253
西瓜,2254
佛手柑,2255
薰衣草,2256
阿馬爾菲檸檬,2257
龍蒿,2258
天竺葵,2259
粉紅女士蘋果,2260
黃瓜,2261
杏,2262
白牡丹,2263
紫羅蘭葉,2264
薄荷,2265
葡萄柚,2266
蘋果,2267
意大利柑橘,2268
血葡萄柚,2269
橙,2270
荳蔻,2271
黑胡椒,2272
藏紅花,2273
無花果葉,2274
杜松子酒,2275
椴樹,2276
松樹,2277
小荳蔻,2278
柏樹,2279
鼠尾草,2280
佛手柑,2281
阿馬爾菲檸檬,2282
橘子,2283
菠蘿,2284
香辣薄荷,2285
香檸檬,2286
紅色水果,2287
生薑,2288
香檸檬,2289
粉紅胡椒,2290
白茶,2291
葡萄柚,2292
柳丁,2293
葡萄柚生薑香檸檬,2294
粉紅胡椒,2295
佛手柑,2296
佛手柑,2297
小荳蔻,2298
橙,2299
粉紅胡椒,2300
佛手柑,2301
葡萄柚,2302
白皮書,2303
紅茶,2304
佛手柑,2305
薰衣草,2306
橙花,2307
棉花,2308
仙客來,2309
生奶油,2310
朗姆酒,2311
梨子佛手柑粉紅胡椒,2312
橘子檸檬葡萄柚,2313
英國梨,2314
小荳蔻,2315
生薑,2316
紫羅蘭葉,2317
佛手柑,2318
檸檬,2319
粉紅胡椒,2320
橘子,2321
綠色元素,2322
柑橘,2323
薄荷,2324
荳蔻,2325
佛手柑,2326
粉紅胡椒,2327
紅色漿果,2328
梨,2329
黃葵,2330
橙葡萄柚佛手柑柑橘檸檬,2331
小蒼蘭,2332
蓮花,2333
橙花,2334
木香,2335
柑橘,2336
檸檬,2337
粉紅胡椒,2338
黑胡椒油,2339
杏仁,2340
佛手柑,2341
橘子,2342
水汪汪的香調,2343
紫羅蘭,2344
黑醋栗,2345
紫羅蘭葉,2346
佛手柑,2347
芫荽,2348
木蘭,2349
椴樹花,2350
橘子,2351
紫丁香,2352
鈴蘭,2353
香檸檬,2354
肉荳蔻,2355
荳蔻,2356
迷迭香,2357
菠蘿,2358
香菜,2359
肉桂,2360
薰衣草,2361
杜松子,2362
薄荷,2363
佛手柑小荳蔻,2364
柑桔,2365
鼠尾草,2366
迷迭香,2367
荔枝,2368
橘子,2369
桃子,2370
佛手柑,2371
石灰,2372
蘋果,2373
茴香,2374
佛手柑,2375
玫瑰花香,2376
佛手柑,2377
橙花,2378
柑橘,2379
八角,2380
梨,2381
粉紅胡椒,2382
梨,2383
佛手柑,2384
桃蘋果,2385
黑醋栗芽,2386
佛手柑,2387
青檸,2388
桃子,2389
羅勒,2390
檸檬,2391
梨,2392
檸檬,2393
姜,2394
薰衣草,2395
薄荷,2396
薄荷,2397
迷迭香,2398
杜松子,2399
柑橘,2400
墨西哥青檸,2401
荔枝,2402
黑醋栗,2403
達瓦那,2404
水,2405
鼠尾草,2406
西西里檸檬,2407
卡拉布裏亞佛手柑,2408
佛手柑,2409
檸檬,2410
杏仁,2411
咖啡,2412
獼猴桃,2413
橘子,2414
黑醋栗,2415
玫瑰,2416
薰衣草,2417
佛手柑,2418
橙蘋果橘子,2419
梨子,2420
孜然,2421
杏仁,2422
天芥菜,2423
艾蒿,2424
桃紅色幹胡椒,2425
白桃,2426
橙,2427
橙,2428
姜,2429
葡萄柚,2430
檸檬,2431
酸橙,2432
綠色元素,2433
檸檬,2434
佛手柑,2435
佛手柑,2436
枸杞,2437
香檸檬,2438
粉紅漿果,2439
梨,2440
黑醋栗葉,2441
紫羅蘭,2442
佛手柑,2443
芫荽,2444
玫瑰木,2445
葡萄柚,2446
西番蓮,2447
玉蘭,2448
綠沙梨,2449
佛手柑,2450
金橘,2451
沉香,2452
橘子,2453
非洲橙花,2454
葡萄柚,2455
檸檬,2456
柑橘,2457
洋甘菊,2458
薄荷,2459
清甜的香檸檬和香櫞,2460
果香瀰漫,2461
令人沉醉,2462
紫羅蘭,2463
柑桔,2464
香檸檬,2465
橙,2466
羅勒,2467
水的味道,2468
橙色,2469
佛手柑,2470
依蘭,2471
橘子,2472
佛手柑,2473
檸檬,2474
西番蓮,2475
西瓜,2476
普通話橙,2477
黑醋栗,2478
綠蘋果,2479
綠葉,2480
菠蘿鳶尾花廣藿香粉紅辣椒風信子,2481
橙花,2482
佛手柑,2483
白花,2484
茉莉,2485
黑醋栗,2486
檀香,2487
葡萄柚,2488
阿馬爾菲檸檬,2489
柚子,2490
佛手柑,2491
香,2492
粉紅胡椒,2493
橘子,2494
生薑,2495
粉紅胡椒,2496
蔓越莓,2497
黑莓,2498
橙,2499
葡萄柚,2500
生薑,2501
薄荷,2502
青蘋果,2503
柑橘,2504
雪松,2505
苦橙,2506
薰衣草,2507
琥珀,2508
麝香,2509
香草,2510
菠蘿,2511
薰衣草,2512
鳶尾葉,2513
香檸檬,2514
檸檬粉色胡椒青草,2515
肉荳蔻荳蔻,2516
普通話葉,2517
柚子,2518
安息香膏,2519
麝香,2520
鳶尾花,2521
玫瑰花瓣,2522
香檸檬,2523
橘子,2524
仙人掌,2525
橙花,2526
橙色,2527
橘子,2528
阿馬爾菲檸檬,2529
薄荷,2530
冷黃瓜,2531
柑桔,2532
蓮花,2533
綠葉,2534
橘子,2535
香檸檬,2536
葡萄柚,2537
生薑,2538
肉桂,2539
佛手,2540
小荳蔻,2541
蘋果,2542
李子,2543
黑紫羅蘭,2544
藏紅花,2545
香菜,2546
酸橙,2547
甜瓜,2548
綠色元素,2549
紫羅蘭,2550
佛手柑,2551
檸檬,2552
日本柚子柑橘,2553
青檸,2554
海水,2555
薰衣草,2556
薄荷,2557
小荳蔻,2558
雨滴氣息香調,2559
咖啡,2560
橘子,2561
薰衣草,2562
佛手柑,2563
梨,2564
薰衣草,2565
薄荷,2566
橘子,2567
李子,2568
玫瑰,2569
檸檬,2570
香蕉葉,2571
佛手柑,2572
梨子梨,2573
黑醋栗芽,2574
桃子皮,2575
蘋果,2576
咖啡,2577
橡木,2578
咖啡,2579
香草,2580
廣藿香,2581
柏樹,2582
蜜瓜,2583
香梨,2584
茶葉,2585
橘子,2586
佛手柑,2587
胡椒,2588
檸檬,2589
伴侶,2590
桃子,2591
柑橘,2592
洋甘橘,2593
清新香調,2594
佛手柑,2595
廣藿香,2596
白桃,2597
荔枝,2598
粉紅葡萄柚,2599
小豆蔻,2600
粉紅胡椒,2601
柑橘,2602
梨,2603
紅蘋果,2604
芒果,2605
檸檬,2606
白松香,2607
香檸檬,2608
桃子,2609
虹膜,2610
柑桔黑醋栗鳳梨蜜瓜,2611
豌豆,2612
柑桔,2613
橙,2614
印度藏紅花,2615
柑橘,2616
粉色胡椒,2617
葡萄柚,2618
佛手柑,2619
粉紅胡椒,2620
山峽,2621
小荳蔻,2622
橘子,2623
朗姆酒,2624
粉紅葡萄柚,2625
柚子,2626
粉紅胡椒,2627
艾草,2628
薄荷,2629
苦橙,2630
檸檬,2631
鼠尾草,2632
生薑,2633
橘子,2634
水,2635
羅勒,2636
檸檬,2637
紫羅蘭葉,2638
黑醋栗,2639
苦橙,2640
梨汁,2641
苦艾酒,2642
茴香,2643
紅莓果,2644
迷迭香,2645
艾蒿,2646
佛手柑,2647
檸檬,2648
梨,2649
葡萄柚,2650
橘子,2651
佛手柑,2652
紫羅蘭葉,2653
黑胡椒,2654
nan,2655
肉荳蔻,2656
姜,2657
檀香,2658
廣藿香,2659
香根草,2660
檸檬,2661
姜,2662
苦橙,2663
白松香,2664
橙及橙花,2665
佛手柑,2666
當歸,2667
粉紅胡椒,2668
荳蔻,2669
薄荷,2670
青蘋果,2671
檸檬,2672
菠蘿,2673
黑醋栗,2674
瓜,2675
紅莓,2676
決明子,2677
荔枝,2678
香檸檬,2679
檸檬,2680
白色的紫羅蘭,2681
天芥菜,2682
薑,2683
八角,2684
nan,2685
黑櫻桃,2686
李子,2687
荔枝,2688
獼猴桃,2689
艾草,2690
羅勒,2691
大黃,2692
茴香,2693
胡椒,2694
檸檬,2695
西柚,2696
粉紅胡椒,2697
橙花,2698
橘子,2699
三葉草,2700
澳洲青蘋蘋果,2701
竹,2702
青檸,2703
野生漿果,2704
橙子,2705
柑桔,2706
咖啡,2707
油桃,2708
佛手柑,2709
檸檬,2710
檸檬馬鞭草,2711
胡椒柑橘佛手柑,2712
梔子,2713
橙,2714
李子,2715
佛手柑,2716
生薑,2717
玫瑰,2718
橘子,2719
佛手柑,2720
木瓜花,2721
橙花,2722
魚露,2723
青檸,2724
水,2725
牡丹小蒼蘭荔枝,2726
黑荳蔻,2727
檸檬,2728
佛手柑,2729
蘋果,2730
梨,2731
酸甜,2732
覆盆子,2733
橘子,2734
姜,2735
鹽,2736
義大利佛手柑,2737
橙花,2738
帕爾馬紫羅蘭,2739
野生霍桑,2740
黑醋栗,2741
保加利亞玫瑰,2742
紫羅蘭葉,2743
迷迭香,2744
橘子,2745
佛手柑,2746
淡淡的薄荷,2747
檸檬和冬日的藍色,2748
薰衣草,2749
粉紅胡椒,2750
橙花油,2751
竹,2752
生薑,2753
橘子,2754
菠蘿葉,2755
神聖柑橘,2756
橙花清香,2757
欖香,2758
橙,2759
粉紅胡椒,2760
柑橘,2761
葡萄柚,2762
意大利普通話,2763
檸檬馬鞭草,2764
薰衣草,2765
覆盆子,2766
橙花,2767
佛手柑,2768
生薑,2769
迷迭香,2770
薰衣草,2771
西西里柑橘,2772
橘柚果,2773
墨西哥橘,2774
芳香百里香,2775
西班牙馬鬱蘭,2776
希臘薰衣草,2777
檸檬,2778
佛手柑,2779
花梨木,2780
玫瑰,2781
青蘋果,2782
葡萄柚,2783
紫羅蘭葉,2784
檸檬花,2785
梨,2786
nan,2787
苦橙葉,2788
麝香,2789
茉莉,2790
柑橘,2791
紅辣椒,2792
義大利柑橘,2793
海洋調協,2794
快樂鼠尾草,2795
葡萄柚,2796
紫羅蘭葉,2797
胡椒,2798
橙花,2799
香瓜,2800
橘子,2801
桃子,2802
香檸檬,2803
巴西紅木,2804
檸檬,2805
橙色,2806
覆盆子,2807
焦糖,2808
荔枝,2809
葡萄柚,2810
粉紅胡椒,2811
粉紅胡椒玫瑰,2812
青香,2813
黑醋栗,2814
苦橙葉,2815
薄荷,2816
混合,2817
佛手柑,2818
香橙,2819
蜜柑,2820
葡萄柚,2821
青芒果,2822
番茄,2823
胡蘿蔔,2824
黑醋栗,2825
佛手柑,2826
菠蘿,2827
黑加侖,2828
梨,2829
香瓜,2830
菠蘿,2831
薄荷,2832
綠色橙,2833
姜,2834
香檸檬,2835
荳蔻,2836
紅醋栗,2837
青蘋果,2838
橘子,2839
柑橘,2840
水,2841
橘子,2842
胡椒,2843
葡萄柚,2844
佛手柑,2845
菠蘿,2846
葡萄柚,2847
橙子,2848
玫瑰,2849
佛手柑蔬菜檸檬皮水,2850
蓮花,2851
小蒼蘭,2852
櫻草,2853
玫瑰,2854
梔子花,2855
小蒼蘭,2856
香菜,2857
佛手柑,2858
橙,2859
豆蔻,2860
佛手,2861
香豌豆,2862
橘子,2863
巴西橙,2864
生薑,2865
葡萄柚,2866
四川辣椒,2867
格拉斯橙花乙醛香水樹花,2868
柑橘青草,2869
柑橘李子桃子芫荽,2870
蓮花,2871
小蒼蘭,2872
玫瑰,2873
甜杏仁,2874
佛手柑精華,2875
柑橘精華,2876
青檸,2877
橙花,2878
茉莉,2879
苦橙,2880
覆盆子,2881
薰衣草,2882
雪松松針,2883
粉紅胡椒,2884
橙花,2885
香草,2886
廣藿香,2887
雪松,2888
大吉嶺茶,2889
金桔,2890
佛手柑,2891
橙花,2892
覆盆子,2893
絲絨梨子,2894
卡拉布裏亞佛手柑,2895
欖香,2896
杏仁,2897
咖啡,2898
橘子,2899
牡丹,2900
八角,2901
羅勒,2902
佛手柑,2903
橙,2904
柚,2905
梨,2906
檸檬,2907
佛手柑,2908
青檸,2909
留蘭香,2910
蘋果,2911
佛手柑,2912
納西梨,2913
撒上粉紅胡椒,2914
柑橘,2915
黃瓜,2916
水樣,2917
橙,2918
冷凍檸檬,2919
小蒼蘭,2920
無花果葉,2921
茶,2922
常春藤,2923
香櫞,2924
克萊門汀,2925
佛手柑,2926
檸檬,2927
西瓜,2928
橘子,2929
杜松子,2930
葡萄柚,2931
天竺葵,2932
藏紅花,2933
玫瑰,2934
葡萄柚,2935
醛類,2936
綠葉,2937
佛手柑,2938
杏李子椰子,2939
草莓,2940
黑草莓和橘子,2941
桃子黑胡椒檸檬柑橘佛手柑,2942
香檸檬,2943
無花果,2944
月桂葉,2945
佛手柑,2946
粉紅胡椒,2947
櫻桃香桃佛手柑,2948
阿馬爾菲檸檬,2949
酸橙,2950
橙,2951
百里香,2952
月桂葉,2953
薄荷,2954
薰衣草,2955
葡萄柚,2956
佛手柑,2957
佛手柑,2958
紅果桃貝利尼,2959
粉紅胡椒蓼,2960
薄荷,2961
佛手柑,2962
黑醋栗,2963
菠蘿,2964
蘋果,2965
芒果,2966
黑莓,2967
西西里檸檬,2968
佛手柑卡拉布裏亞,2969
石榴,2970
梨沙冰,2971
香檸檬,2972
橙子,2973
石灰,2974
茉莉花,2975
香檸檬,2976
檸檬,2977
內羅裏,2978
橘子,2979
胡椒,2980
癒創木,2981
佛手柑,2982
四川辣椒,2983
生薑,2984
青檸,2985
生薑,2986
白茶,2987
nan,2988
橙葉,2989
白胡椒,2990
薰衣草朗姆酒,2991
茉莉,2992
廣藿香,2993
香草,2994
紫羅蘭葉,2995
橘子香,2996
薰衣草,2997
柚子,2998
黑草莓,2999
樹草莓和醋栗葉,3000
柑橘,3001
蘋果,3002
風鈴草,3003
麝香,3004
龍舌蘭酒,3005
柚木,3006
覆盆子,3007
草莓,3008
櫻桃,3009
黑莓,3010
藍莓,3011
葡萄柚,3012
榲桲帶出清新美花果香之調,3013
佛羅裏達香橙檸檬,3014
酸櫻桃,3015
黑醋栗,3016
梨,3017
春花,3018
香豌豆香檸檬,3019
佛手柑梨粉紅胡椒,3020
辣椒,3021
芒果,3022
青蘋果,3023
柑橘,3024
肉豆蔻,3025
胡椒,3026
梨佛手柑,3027
nan,3028
nan,3029
nan,3030
nan,3031
nan,3032
梨,3033
甜橙,3034
葡萄柚,3035
佛手柑,3036
綠橙,3037
佛手柑薰衣草鳳梨葉馬鞭草,3038
皮革,3039
沉香木,3040
東方木香,3041
香料,3042
橙花,3043
葡萄柚,3044
迷迭香,3045
白雪松,3046
白花,3047
苦橙,3048
當歸,3049
佛手柑,3050
橘子,3051
薄荷,3052
薰衣草,3053
佛手柑,3054
薰衣草,3055
鼠尾草,3056
佛手柑,3057
醛,3058
杜松子,3059
薰衣草,3060
羅勒,3061
香菜,3062
義大利檸檬,3063
馬鬱蘭,3064
橘子薰衣草黑醋栗苦橙葉,3065
森林水果,3066
埃及,3067
茉莉,3068
肉桂,3069
橘子,3070
薰衣草,3071
檸檬,3072
鈴蘭,3073
梨,3074
黑醋栗,3075
常春藤,3076
薄荷,3077
大黃葉子,3078
麻醉朗姆酒綠色香氣,3079
青蘋果,3080
苦橙,3081
石苔,3082
卡拉布裏亞佛手柑,3083
意大利橙,3084
檸檬,3085
紫羅蘭葉,3086
清新的水果基調融合了柑桔,3087
黑醋栗,3088
鳳梨和蜜瓜的香甜果香,3089
nan,3090
橘子,3091
橙色,3092
桃紅色胡椒,3093
麪粉,3094
樹脂,3095
橡樹,3096
新拉巴丹草,3097
歐泊帕克斯,3098
琥珀,3099
綠荳蔻,3100
卡拉布蘭加香檸檬,3101
檸檬,3102
粉紅胡椒,3103
梨,3104
桃,3105
藍色畢業生,3106
水,3107
柑橘克萊門汀,3108
新鮮黃瓜,3109
能量飲料,3110
黑蘭花,3111
石榴,3112
琥珀,3113
桃花心木,3114
大黃薄荷橙皮佛手柑檸檬,3115
橘子,3116
佛手柑,3117
丁香,3118
梨子,3119
麝香錦葵,3120
辣椒粉,3121
菠蘿,3122
橘子,3123
香草,3124
檀香,3125
零陵香木,3126
麝香,3127
琥珀,3128
葡萄柚,3129
石灰,3130
羅馬洋甘菊,3131
夜菊喬木,3132
麝香,3133
珍貴木材,3134
檀香木,3135
雪松木,3136
香草,3137
綠茶,3138
馬黛茶,3139
阿馬爾菲檸檬,3140
醛類,3141
粉紅胡椒,3142
杜松紫葉,3143
玫瑰,3144
牡丹,3145
茉莉百合,3146
梨,3147
荔枝,3148
葡萄柚,3149
西柚,3150
鼠尾草,3151
玫瑰,3152
粉紅胡椒,3153
藏紅花,3154
葡萄柚,3155
薄荷,3156
佛手柑,3157
大棗,3158
黃香李,3159
香豌豆,3160
香檸檬,3161
蓮花,3162
小蒼蘭,3163
仙客來,3164
多汁的西瓜,3165
覆盆子,3166
玫瑰,3167
粉紅胡椒,3168
佛手柑,3169
薄荷,3170
橙,3171
卡拉布裏亞佛手柑,3172
意大利檸檬,3173
生薑,3174
琥珀,3175
廣藿香,3176
香草,3177
決明子,3178
佛手,3179
陳皮,3180
番茄葉,3181
鈴蘭,3182
黃葵子,3183
佛手柑,3184
小荳蔻,3185
海洋筆記,3186
玫瑰花瓣,3187
薰衣草,3188
佛手柑,3189
苦橙葉,3190
檸檬,3191
鼠尾草,3192
橘子,3193
青蘋果,3194
紅醋栗,3195
獼猴桃,3196
姜,3197
無花果,3198
佛手柑,3199
鼠尾草,3200
橙花,3201
黑李子,3202
桃,3203
李子,3204
橙,3205
玫瑰木,3206
橙花,3207
柑橘類,3208
青芒果,3209
葡萄柚中調,3210
薄荷草木香調薰衣草香菜迷迭香,3211
柑橘,3212
佛手柑,3213
阿馬爾菲檸檬,3214
薄荷,3215
番茄葉,3216
豆蔻,3217
醛,3218
艾蒿,3219
橘子,3220
香櫞,3221
克萊門汀,3222
果香,3223
海鹽,3224
玫瑰,3225
桃金娘和意大利絲柏,3226
柑橘,3227
薄荷,3228
血橙,3229
佛手柑,3230
榴,3231
橘子,3232
檸檬,3233
佛手柑,3234
石榴,3235
日本雪梨,3236
意大利柑橘,3237
紫羅蘭葉,3238
粉紅胡椒,3239
茉莉,3240
小荳蔻,3241
香檳,3242
橘子,3243
橘子,3244
佛手柑,3245
香菜,3246
紫羅蘭,3247
黑醋栗,3248
覆盆子,3249
佛手柑,3250
玫瑰,3251
nan,3252
號石榴,3253
立花,3254
醛,3255
水分,3256
金屬元素,3257
紫羅蘭葉,3258
奈若利橙花,3259
豆蔻,3260
黑胡椒,3261
姜,3262
鼠尾草,3263
佛手柑,3264
檸檬,3265
苦橙葉,3266
蘋果香梨玫瑰,3267
柑橘,3268
野玫瑰,3269
粉紅胡椒,3270
覆盆子,3271
柑橘,3272
橙,3273
茉莉花葉,3274
香檸檬,3275
玫瑰,3276
水晶麝香,3277
橙花,3278
覆盆子,3279
佛手柑,3280
黑醋栗,3281
山茶,3282
橘子,3283
蘋果樹,3284
意大利佛手柑,3285
佛手柑,3286
橘子,3287
薰衣草,3288
鼠尾草,3289
牡丹荔枝小蒼蘭,3290
檸檬,3291
甜瓜,3292
萬壽菊,3293
紅醋栗,3294
辣橙色,3295
粉紅胡椒,3296
普通話,3297
肉豆蔻,3298
豆蔻,3299
粉紅胡椒,3300
橙花,3301
公丁香,3302
佛手柑,3303
橙,3304
桃子,3305
荔枝,3306
黑醋栗,3307
血橙,3308
柑橘,3309
覆盆子,3310
百香果,3311
nan,3312
橘子,3313
黑醋栗,3314
小蒼蘭,3315
佛手柑,3316
紫羅蘭葉,3317
姜,3318
杜松子,3319
黑胡椒,3320
蘋果,3321
香梨,3322
玫瑰,3323
花椒姜黃,3324
葡萄柚,3325
橙花,3326
檀香,3327
麝香,3328
蘭尼史密斯蘋果,3329
檸檬,3330
綠葉,3331
小蒼蘭,3332
森巴茉莉,3333
黑醋栗,3334
葡萄柚,3335
西瓜,3336
nan,3337
葡萄柚,3338
荳蔻,3339
nan,3340
橙,3341
肉桂,3342
鳳梨,3343
粉紅胡椒,3344
檸檬,3345
牙買加朗姆酒,3346
古巴甘蔗,3347
達瓦納,3348
荳蔻,3349
鼠尾草鼠尾草,3350
牡丹,3351
荔枝,3352
小蒼蘭,3353
葡萄柚,3354
榲桲,3355
小豆蔻,3356
龍蒿,3357
生薑,3358
菠蘿,3359
醛,3360
梔子,3361
艾蒿,3362
三葉草,3363
佛手柑,3364
百里香沒藥,3365
紫羅蘭,3366
黑醋栗,3367
紫羅蘭葉,3368
佛手柑,3369
胡荽,3370
葡萄柚,3371
梨,3372
西西里柑橘,3373
卡拉布裏亞佛手柑,3374
西西里島葡萄柚,3375
蘋果,3376
鈴蘭,3377
臭氧,3378
桃蜜,3379
荳蔻,3380
杜松子,3381
樺樹,3382
石灰,3383
柚子,3384
黃瓜,3385
紫羅蘭葉,3386
玫瑰,3387
佛手柑,3388
橘子,3389
葡萄柚,3390
檸檬,3391
柑橘,3392
果汁冰糕,3393
黑加侖,3394
橙,3395
莓,3396
香檸檬,3397
檸檬,3398
橙,3399
葡萄柚,3400
小荳蔻,3401
伽班奴,3402
醛,3403
青蒿,3404
薰衣草,3405
佛手柑,3406
橙,3407
檸檬,3408
桔子青檸西柚海風香,3409
紫羅蘭,3410
安佈雷特麝香錦葵,3411
獼猴桃,3412
柚子,3413
芫荽,3414
蕨類植物,3415
生薑和柑橘,3416
塔奇巴納科,3417
塔奇巴納科,3418
畢業生,3419
艾草,3420
羅勒,3421
含迷疊香桂冠鼠尾草紅木,3422
甘菊,3423
蘋果,3424
荔枝,3425
柑桔,3426
玫瑰,3427
李子,3428
桃子,3429
山楂,3430
保加利亞玫瑰,3431
普通話橙,3432
黑醋栗,3433
玫瑰,3434
桃,3435
西瓜,3436
橙,3437
粉紅西番蓮果,3438
綠葉,3439
水葫蘆,3440
萬壽菊,3441
蘋果,3442
橙花,3443
木瓜花,3444
桃子,3445
大麻,3446
葡萄柚,3447
粉紅葡萄柚,3448
西瓜冰沙,3449
檸檬,3450
布拉斯李子,3451
小蒼蘭,3452
橡苔,3453
苦橙,3454
橙和橘,3455
非洲橙花,3456
薄荷,3457
晚香玉,3458
茉莉,3459
黃葵人參果,3460
香檸檬薰衣草肉桂,3461
生薑,3462
橘子,3463
藏紅花,3464
胡椒,3465
小荳蔻,3466
綠柑橘,3467
茉莉花水,3468
姜花,3469
小荳蔻阿馬爾菲檸檬香辛料杜松漿果,3470
紫羅蘭,3471
紫羅蘭葉,3472
水香,3473
艾蒿,3474
香菜,3475
波斯樹脂,3476
羅勒,3477
佛手柑,3478
巴西玫瑰木,3479
柑橘,3480
青檸,3481
香檸檬,3482
香櫞,3483
粉紅胡椒,3484
檀香,3485
零陵香,3486
蘋果,3487
紫羅蘭葉,3488
葡萄柚,3489
月桂葉,3490
煥顏草,3491
玫瑰鈴蘭苿莉,3492
青木瓜香,3493
柑橘,3494
茴香,3495
佛手柑,3496
胡椒,3497
小荳蔻,3498
迷迭香,3499
瓜,3500
nan,3501
醛,3502
橙,3503
鼠尾草,3504
肉豆蔻花,3505
佛手柑,3506
巴西玫瑰木,3507
鼠尾草,3508
檸檬,3509
柑橘,3510
石榴,3511
梨,3512
橙,3513
荳蔻,3514
梔子,3515
綠色,3516
佛手柑,3517
荳蔻,3518
新鮮鳳梨,3519
木瓜,3520
檸檬,3521
木質香調,3522
香根草,3523
覆盆子,3524
甜瓜,3525
佛手柑,3526
西番蓮,3527
意大利檸檬,3528
辣薄荷,3529
橙,3530
甜瓜,3531
粉紅胡椒,3532
佛手柑小荳蔻海香,3533
虹膜,3534
保加利亞玫瑰,3535
康乃馨,3536
廣藿香,3537
弗吉尼亞雪松,3538
紫羅蘭葉,3539
葡萄柚,3540
香橙,3541
橙,3542
柑桔,3543
檸檬馬鞭草,3544
橙花,3545
佛手柑,3546
檸檬,3547
桂花,3548
非洲橙色花,3549
非洲橙,3550
檸檬,3551
橙花,3552
佛手柑,3553
玫瑰谷地,3554
橙花,3555
綠色柑橘,3556
枇杷果實,3557
橘子,3558
橙花,3559
佛手柑,3560
粉紅胡椒,3561
綠柑橘,3562
檸檬,3563
納西梨冰糕,3564
石榴,3565
苦橙,3566
橙,3567
檸檬,3568
海洋香調,3569
柑橘香調,3570
香根草,3571
粉紅胡椒,3572
冰鎮薄荷,3573
茶,3574
蜜瓜,3575
橘子,3576
黃瓜,3577
蜂蠟,3578
香料,3579
柚子,3580
玫瑰,3581
牡丹,3582
黑加侖子,3583
梨,3584
橘子,3585
卡拉曼西檸檬皮,3586
竹葉,3587
青蘋果,3588
佛手柑,3589
生薑,3590
蘋果,3591
佛手柑,3592
生薑,3593
橘子,3594
海洋香調,3595
薄荷,3596
醛類,3597
佛手柑,3598
青蒿,3599
蘭香,3600
香芹,3601
橘子,3602
海鹽,3603
生薑,3604
黑櫻桃,3605
檸檬,3606
紅漿果,3607
杏仁,3608
薄荷,3609
茶,3610
小豆蔻,3611
雪松,3612
迷迭香,3613
葡萄柚,3614
橙花葡萄柚,3615
佛手柑,3616
鼠尾草,3617
nan,3618
荳蔻,3619
米拉貝爾梅,3620
粉紅胡椒,3621
石榴,3622
橙,3623
佛手柑,3624
西柚,3625
黑醋栗,3626
香菜,3627
薰衣草,3628
彿手柑,3629
肉桂,3630
茉莉,3631
綠杏仁,3632
西西里橙,3633
卡拉布裏亞佛手柑,3634
蜜瓜,3635
梨,3636
紫羅蘭,3637
鳶尾,3638
紫羅蘭,3639
玫瑰,3640
綠茶,3641
白桃,3642
佛手柑,3643
香菜,3644
八角茴香,3645
黑胡椒,3646
百里香,3647
nan,3648
柚子,3649
柑橘,3650
辛香粉胡椒,3651
含羞草,3652
橙,3653
熱情果,3654
桃子,3655
小豆蔻,3656
黑胡椒,3657
甜菜葫蘆,3658
樹草莓,3659
護石榴,3660
甜酒黑醋栗,3661
西西里佛手柑,3662
橙花佛手柑橘子檸檬,3663
黑加侖,3664
粉紅葡萄柚,3665
柑橘,3666
鈴蘭,3667
玫瑰,3668
荔枝,3669
牡丹,3670
百合,3671
佛手柑,3672
柑橘,3673
蜂蜜,3674
杜松果豆蔻果實柑橘薄荷薰衣草,3675
西番蓮,3676
荔枝,3677
紅蘋果,3678
西瓜,3679
西西里柑橘,3680
橘子,3681
佛手柑,3682
茉莉,3683
蓮花,3684
佛手柑,3685
紫羅蘭葉,3686
白色的梨花,3687
橙,3688
烏木,3689
咖啡,3690
澳洲青蘋果,3691
薄荷,3692
紫羅蘭,3693
紫羅蘭葉,3694
石榴,3695
橙,3696
佛手柑,3697
橙葉,3698
檸檬,3699
胡蘿蔔籽,3700
粉紅牡丹,3701
白色紫羅蘭,3702
天芥菜,3703
清晨的露水,3704
紫藤蘿,3705
番石榴,3706
白色丁香花,3707
西西里香橙,3708
格拉斯大馬士革玫瑰,3709
肉桂,3710
胡椒,3711
綠茶,3712
檸檬,3713
橙花,3714
大吉嶺茶,3715
佛手柑,3716
甜紅蘋果,3717
荳蔻,3718
荳蔻,3719
肉荳蔻,3720
粉紅胡椒,3721
生薑,3722
意大利橙,3723
nan,3724
意大利檸檬,3725
埃及小茴香,3726
摩洛哥艾蒿,3727
檸檬佛手柑橙花,3728
黑醋栗,3729
柑桔,3730
草莓,3731
紅蘋果,3732
樹草莓,3733
杏花,3734
橙花,3735
柑橘葉和椰子花蜜,3736
雪松,3737
檸檬,3738
醛香,3739
葡萄柚,3740
佛手柑,3741
苦橙葉,3742
海洋,3743
橙花,3744
生薑,3745
白麝香,3746
桉樹,3747
冬瓜,3748
杜松,3749
葡萄柚,3750
芒果,3751
佛手柑,3752
石灰,3753
薄荷,3754
佛手柑,3755
雪松,3756
葡萄柚子,3757
元素,3758
乳香,3759
大黃,3760
美國蘋果黃瓜葡萄柚,3761
佛手柑,3762
檸檬,3763
奈若利,3764
苦橙葉,3765
鼠尾草,3766
橘子,3767
辣椒,3768
荔枝,3769
橘子,3770
黑醋栗,3771
檸檬,3772
葡萄柚,3773
橘子,3774
橘子,3775
姜,3776
紅辣椒,3777
桃子,3778
小蒼蘭,3779
艾草,3780
百香果,3781
覆盆子,3782
紫羅蘭葉,3783
黑胡椒,3784
石灰,3785
魚子醬,3786
香櫞,3787
苦橙葉,3788
橘子,3789
橙子,3790
橘子,3791
檸檬馬鞭草,3792
橙花,3793
白檸檬,3794
西洋梨,3795
佛手柑,3796
柑橘,3797
杜松,3798
薰衣草,3799
薄荷,3800
檸檬,3801
佛手柑,3802
柑桔,3803
百里香,3804
馬鬱蘭,3805
菠蘿,3806
覆盆子葉,3807
橙,3808
蘭花,3809
柑桔,3810
酸橙,3811
薰衣草,3812
橘子,3813
香檸檬,3814
橙,3815
羅勒,3816
番木瓜花,3817
nan,3818
苦橙,3819
小蒼蘭,3820
桃花,3821
佛手柑,3822
葡萄柚,3823
胡椒,3824
生薑,3825
海水,3826
醛,3827
杜松,3828
薰衣草,3829
雪松,3830
白松香,3831
香根草,3832
肉荳蔻,3833
西西里檸檬,3834
卡拉布里亞佛手柑,3835
石榴,3836
青蘋果,3837
菠蘿葉,3838
葡萄柚,3839
豆蔻,3840
柑橘,3841
薑,3842
水香調,3843
佛手柑,3844
橘子,3845
黑胡椒,3846
水薄荷,3847
柚子,3848
石榴,3849
荔枝,3850
牡丹,3851
玫瑰,3852
薰衣草,3853
紫蘇,3854
檸檬,3855
梨,3856
玫瑰,3857
甘菊,3858
姜,3859
黃小蒼蘭,3860
檸檬,3861
玫瑰,3862
粉紅胡椒,3863
柑橘皮,3864
檸檬花,3865
蘋果,3866
李子,3867
佛手柑,3868
蘋果,3869
雪松,3870
桔梗,3871
西西里檸檬,3872
青檸,3873
英國梨,3874
蜂蜜,3875
琥珀,3876
麝香,3877
香根草,3878
百合,3879
胡椒,3880
香根草,3881
弗吉尼亞雪松,3882
水薄荷,3883
橘子,3884
羅勒,3885
意大利梅,3886
番紅花,3887
虹膜,3888
厚朴,3889
蜜瓜,3890
桃,3891
梨,3892
麝香,3893
鳶尾,3894
柑橘,3895
檸檬,3896
香檳,3897
佛手柑,3898
奶油橙花,3899
野生漿果,3900
虹膜,3901
薰衣草,3902
番茄葉,3903
紫羅蘭葉,3904
綠色橙,3905
果香甜味,3906
橙花,3907
玫瑰花瓣,3908
牡丹,3909
八角茴香,3910
橙花,3911
杏,3912
蔓越莓,3913
意大利檸檬,3914
紅葡萄柚,3915
鹽,3916
粉紅胡椒,3917
黑胡椒,3918
黑莓,3919
佛手柑,3920
粉紅胡椒,3921
草莓,3922
紫羅蘭葉,3923
粉紅葡萄柚,3924
李子,3925
西西里柑橘,3926
桃子,3927
牡丹,3928
橙,3929
香檸檬,3930
柑橘,3931
橙花油,3932
橙,3933
香檸檬,3934
依蘭,3935
苦橙葉,3936
橘子,3937
葡萄柚,3938
檸檬草,3939
鼠尾草,3940
紫羅蘭葉,3941
梨,3942
佛手柑,3943
綠葉,3944
桃花,3945
仙客來,3946
紅莓果,3947
菠蘿蜜,3948
杜松子,3949
玫瑰,3950
小蒼蘭,3951
麝香,3952
荳蔻,3953
薰衣草,3954
檸檬油,3955
薄荷,3956
廣香,3957
決明子,3958
檸檬馬鞭草,3959
茴香,3960
綠色的香菜,3961
薰衣草,3962
檸檬,3963
姜,3964
薄荷,3965
辛醇,3966
乙醛,3967
橙花,3968
柑橘,3969
橘子,3970
橙花,3971
香檸檬,3972
葡萄柚,3973
檸檬,3974
橘子,3975
鼠尾草,3976
荳蔻,3977
柚子,3978
小豆蔻,3979
檸檬,3980
香料,3981
佛手柑,3982
豆蔻,3983
石灰,3984
菠蘿,3985
李子,3986
紫羅蘭葉,3987
木蘭椴樹花橘子紫丁香鈴蘭香檸檬,3988
葡萄柚,3989
苦橙,3990
檸檬,3991
蘋果,3992
麝葵籽,3993
茉莉,3994
玫瑰,3995
蜜桃,3996
奇異果,3997
柚子,3998
香菜,3999
加利福尼亞橙,4000
黑加侖子,4001
露水莓,4002
玫瑰,4003
青芒果,4004
葡萄柚中調,4005
小豆蔻粉紅胡椒柑橘,4006
粉紅胡椒,4007
枸杞,4008
杏,4009
草莓,4010
覆盆子,4011
梨,4012
鈴蘭牡丹鳶尾花翠綠露水,4013
檸檬,4014
檸檬雪葩,4015
牛至草,4016
梨,4017
檸檬,4018
紫羅蘭葉,4019
nan,4020
琥珀,4021
薄荷,4022
黑醋栗,4023
蜜瓜,4024
橙,4025
梨,4026
葡萄柚,4027
覆盆子,4028
黑醋栗黑色無花果紫羅蘭,4029
青芒果,4030
葡萄柚,4031
佛手柑,4032
橘子,4033
香菜,4034
梨子,4035
杏,4036
李,4037
椰子,4038
橙,4039
佛手柑,4040
羅勒,4041
香蕉,4042
梨,4043
佛手柑,4044
小荳蔻,4045
粉紅胡椒,4046
橙,4047
蘋果,4048
紅醋栗,4049
西裡島橙,4050
香檸檬,4051
巴西花梨木,4052
小荳蔻,4053
橙花油,4054
柏樹,4055
多汁梨,4056
柑桔,4057
石榴,4058
梨,4059
蜂蜜,4060
佛手柑,4061
姜,4062
橙,4063
檸檬,4064
留蘭香薄荷,4065
檸檬草,4066
檸檬皮,4067
佛手柑,4068
油桃,4069
橘子,4070
梨,4071
茉莉花,4072
輕柔甜蜜的柑橘果香調,4073
義大利橘子,4074
橙花,4075
番茄香調,4076
橙,4077
薄荷,4078
石灰,4079
橙,4080
黑加侖,4081
白色的小蒼蘭,4082
杏,4083
荔枝,4084
柑橘油,4085
橙花,4086
藏紅花,4087
荳蔻,4088
肉荳蔻,4089
檸檬,4090
羅勒,4091
佛手柑,4092
小茴香,4093
薰衣草,4094
布冧,4095
醛,4096
玫瑰,4097
意大利檸檬,4098
海,4099
薰衣草,4100
蘋果,4101
檸檬,4102
杜松,4103
青蘋果,4104
綠色萊拉,4105
柑橘,4106
裏德,4107
薄荷,4108
檸檬,4109
粉紅胡椒,4110
西西里佛手柑,4111
蒿,4112
青蘋果,4113
杜松,4114
羅勒,4115
葡萄柚,4116
香菜,4117
佛手柑,4118
檸檬,4119
佛手柑,4120
蜜柑,4121
竹子,4122
豐水梨,4123
橙花,4124
橘子,4125
葡萄柚,4126
佛手柑,4127
芒果,4128
布拉斯李子佛手柑檸檬橙,4129
香檸檬,4130
梨,4131
薄荷,4132
糖果蘋果,4133
檸檬,4134
橘子,4135
香檸檬,4136
葡萄柚,4137
nan,4138
桃紅色胡椒,4139
薰衣草,4140
鼠尾草,4141
佛手柑,4142
巴西玫瑰木,4143
激情花,4144
粉紅色牡丹花,4145
罌粟,4146
橙花,4147
大黃,4148
粉紅胡椒,4149
迷迭香羅勒葡萄柚鼠尾草苦橙葉,4150
佛手柑,4151
檸檬,4152
波斯樹脂,4153
橘子,4154
甜瓜,4155
橘子,4156
黑醋栗,4157
佛手柑及梨,4158
艾蒿,4159
香菜,4160
波斯樹脂,4161
羅勒,4162
佛手柑,4163
巴西玫瑰木,4164
香檸檬,4165
檸檬,4166
胡椒,4167
杜松,4168
佛手柑,4169
薰衣草,4170
天竺葵,4171
橡樹苔,4172
零陵香,4173
香草,4174
安息香,4175
柑橘,4176
檸檬,4177
梨,4178
黑加侖子,4179
勞丹脂,4180
鳶尾花,4181
抹茶,4182
奶油無花果,4183
藍風鈴,4184
葡萄柚,4185
佛手柑,4186
胡椒,4187
桃,4188
小蒼蘭,4189
橙,4190
亞洲梨,4191
冰淇淋,4192
冷凍覆盆子果汁冰糕,4193
意大利柑橘皮,4194
粉紅胡椒,4195
佛手柑,4196
粉紅胡椒,4197
鼠尾草,4198
石灰,4199
豆瓣醬,4200
桐椒,4201
蜜柚,4202
黑加侖,4203
覆盆子,4204
香檸檬,4205
玫瑰,4206
木蘭,4207
非洲橙子花,4208
玫瑰和鳶尾,4209
香檸檬檸檬,4210
鼠尾草,4211
薄荷,4212
姜,4213
檸檬,4214
海水,4215
葡萄柚,4216
苦橙,4217
檸檬,4218
草莓,4219
橘子,4220
粉紅胡椒,4221
柚子,4222
海洋,4223
梨子佛手柑,4224
橙,4225
橙花,4226
玫瑰花瓣,4227
牡丹花,4228
牡丹,4229
榛子,4230
葡萄柚,4231
青芒果葡萄柚,4232
意大利檸檬,4233
姜,4234
坎普里,4235
苦艾酒,4236
紅色漿果,4237
苦橙,4238
檸檬,4239
鼠尾草,4240
檸檬,4241
黑醋栗,4242
蘋果,4243
佛手柑菠蘿,4244
香菜,4245
柏樹,4246
柑橘,4247
龍蒿,4248
檸檬,4249
葡萄柚橙,4250
檸檬,4251
黑醋栗,4252
黑櫻桃,4253
玫瑰,4254
黑醋栗葉,4255
黑醋栗,4256
麝香,4257
虹膜,4258
桃紅色胡椒,4259
橙花,4260
荳蔻,4261
佛手柑,4262
艾蒿,4263
胡椒,4264
薰衣草,4265
甜瓜,4266
橘子,4267
梨,4268
黑莓,4269
紅色漿果,4270
小蒼蘭,4271
百合,4272
玉蘭,4273
玫瑰,4274
西番蓮,4275
苦橙,4276
非洲橙花,4277
粉紅胡椒,4278
檸檬,4279
紫羅蘭葉,4280
荳蔻,4281
醛,4282
杜松子,4283
薰衣草,4284
綠色元素,4285
紫羅蘭,4286
快樂鼠尾草,4287
苦橙葉,4288
佛手柑,4289
檸檬,4290
丁香,4291
玫瑰,4292
橘子,4293
豆蔻,4294
柑桔,4295
醛,4296
覆盆子,4297
野草莓,4298
葡萄柚,4299
佛手柑,4300
柑橘,4301
葡萄柚,4302
白樺葉,4303
綠色普通話,4304
橘子,4305
杜松,4306
羅勒,4307
佛手柑,4308
葡萄柚,4309
西西里檸檬,4310
香檸檬,4311
檸檬,4312
薰衣草,4313
天竺葵,4314
黑加侖,4315
紅小蒼蘭,4316
晚香玉,4317
保加利亞玫瑰,4318
香草,4319
羅勒,4320
佛手柑,4321
橘子,4322
綠色元素,4323
桃子,4324
檸檬,4325
羅勒,4326
百里香,4327
苦橙,4328
橘子,4329
薄荷,4330
佛手柑,4331
檸檬,4332
茉莉花,4333
蒿,4334
羅勒,4335
百里香,4336
茴香,4337
芫荽,4338
丁香,4339
覆盆子,4340
橙花,4341
橘子,4342
晚香玉,4343
依蘭,4344
保加利亞玫瑰,4345
蘋果,4346
大黃,4347
蓮花,4348
香檸檬,4349
木槿,4350
綠柑,4351
佛手柑,4352
柑橘,4353
黃檀,4354
醛,4355
芍藥掃帚,4356
檸檬,4357
竹子,4358
香檸檬,4359
香根草,4360
廣藿香,4361
白三葉草,4362
橘子葡萄柚黑加侖,4363
菠蘿,4364
蘋果,4365
檸檬,4366
李子,4367
黑醋栗,4368
無花果,4369
海調,4370
丁香,4371
肉桂,4372
黑胡椒,4373
檸檬,4374
珀蒂,4375
羅勒,4376
香果,4377
黑莓,4378
覆盆子,4379
粉紅胡椒,4380
小荳蔻,4381
葡萄柚,4382
梨,4383
橘子,4384
梨,4385
開心果,4386
含羞草,4387
橙花,4388
桂皮,4389
玫瑰,4390
山楂,4391
風信子,4392
檸檬花,4393
橙子,4394
小蒼蘭,4395
苦橙,4396
佛手柑,4397
杜松子酒,4398
獼猴桃甜瓜,4399
柚子,4400
佛手柑,4401
橘子,4402
血液葡萄柚,4403
姜,4404
胡椒,4405
加勒比佛手柑,4406
西西里檸檬,4407
橘子,4408
玫瑰,4409
粉紅胡椒,4410
覆盆子,4411
梨,4412
醛,4413
薰衣草,4414
橘子,4415
茶,4416
肉荳蔻花香檸檬,4417
胡椒,4418
柑橘,4419
佛手柑,4420
薄荷茶,4421
醛類,4422
桃,4423
石榴,4424
橘子,4425
桃子,4426
西瓜,4427
蘋果櫻桃柑橘焦糖,4428
羅勒,4429
紫羅蘭,4430
佛手柑,4431
羅勒,4432
薰衣草,4433
香檸檬,4434
粉紅胡椒,4435
胡椒,4436
杜松,4437
青檸檬,4438
磨砂梨,4439
白杏,4440
梨子橘子佛手柑,4441
佛手柑,4442
黑醋栗,4443
菠蘿,4444
檸檬,4445
柑橘佛手柑檸檬熱帶水果,4446
西西里橙,4447
佛手柑,4448
巴西玫瑰木,4449
牡丹,4450
覆盆子,4451
檸檬皮,4452
杜松子酒,4453
nan,4454
nan,4455
粉紅胡椒,4456
黑加侖子,4457
香檸檬,4458
姜,4459
佛手柑,4460
白胡椒,4461
杜松子,4462
焦糖,4463
柑橘香氣,4464
橙子,4465
桃子,4466
無花果葉,4467
無花果,4468
香菜,4469
克拉裏鼠尾草,4470
皮革,4471
酸橙,4472
李子,4473
肉桂,4474
胡椒,4475
以及木製五香雪松,4476
檀香,4477
佛手柑,4478
蘋果花,4479
酸橙,4480
葡萄柚花,4481
葉,4482
黑醋栗,4483
覆碟葉,4484
柑橘,4485
佛手柑,4486
杜松,4487
玫瑰,4488
松香,4489
天竺葵,4490
風信子,4491
風信子,4492
卡西斯,4493
紅蘋果,4494
椰子,4495
橘子,4496
肉桂,4497
茉莉,4498
佛手柑,4499
棉花糖,4500
檸檬,4501
百香果,4502
山桃,4503
小豆蔻,4504
杜松子,4505
樺木,4506
葡萄柚,4507
小荳蔻,4508
薰衣草,4509
藍色草莓,4510
橙色,4511
粉紅胡椒,4512
黑醋栗,4513
香菜,4514
牛油果,4515
琥珀,4516
麝香,4517
橡苔,4518
青蘋果,4519
茶,4520
香根草,4521
雪松,4522
橙,4523
小茴香,4524
天芥菜,4525
佛手柑,4526
橘子,4527
玫瑰,4528
金銀花,4529
錦緞玫瑰,4530
覆盆子,4531
荔枝,4532
艾草,4533
羅勒,4534
葡萄柚香橙,4535
柑橘,4536
馬鬱蘭,4537
荳蔻,4538
胡椒,4539
柑橘蓮花葉火龍果,4540
茉莉,4541
晚香玉,4542
檀香,4543
琥珀,4544
