"heart_note","product_id"
梨樹,1
肉和豆子,2
牡丹,3
大溪地花朵,4
茉莉,5
玉蘭,6
牡丹,7
蝴蝶花,8
紅木,9
臭氧,10
紫羅蘭葉,11
茉莉花桑巴克,12
橙花,13
薰衣草,14
粉紅胡椒,15
水果,16
蜂蜜,17
鮮奶油,18
玫瑰,19
榛子醬,20
鳶尾花,21
藍蓮花,22
水仙,23
勞丹脂,24
降龍涎香醚,25
薰衣草,26
丁香,27
白松香,28
茉莉,29
丁香,30
玫瑰,31
荷花,32
水仙,33
土耳其玫瑰,34
牡丹,35
梨,36
桃子,37
覆盆子葉,38
橙花,39
康乃馨,40
鼠尾草,41
天竺葵,42
茉莉,43
薰衣草,44
檸檬馬鞭草,45
牡丹,46
苿莉花,47
香根草東加豆廣藿香,48
黑加侖,49
茉莉,50
玫瑰,51
桃花,52
茉莉,53
木蘭,54
金銀花,55
龍涎香,56
蘋果,57
海,58
蓮花,59
菖蒲,60
天竺葵橙花茉莉檀香,61
玉蘭,62
油桃,63
山谷的百合花,64
桃,65
甘蔗,66
皮納,67
玫瑰,68
茉莉,69
牡丹,70
晚香玉,71
小蒼蘭,72
虹膜,73
紫羅蘭,74
大溪地花,75
蘭花,76
焦糖布丁,77
黑香草豆,78
水晶,79
康乃馨,80
肉桂,81
茉莉,82
鈴蘭,83
松樹針,84
肉桂,85
肉豆蔻,86
橡苔,87
薰衣草,88
鼠尾草,89
佩普,90
茉莉桂樹兔子花牡丹鈴蘭香茅,91
白牡丹,92
桂花,93
廣藿香,94
蜂蜜,95
焦糖,96
雪松,97
琥珀,98
天竺葵,99
羊絨木,100
茉莉,101
晚香玉,102
百合,103
野玫瑰,104
竹子,105
玫瑰,106
茉莉,107
廣藿香,108
天竺葵,109
羅勒,110
鼠尾草,111
紫蘿蘭,112
野生玫瑰,113
蘋果花,114
荔枝,115
茉莉花瓣,116
紫羅蘭,117
花瓣,118
沙巴茉莉,119
薰衣草,120
四川辣椒,121
天竺葵,122
廣藿香,123
香根草,124
粉紅胡椒,125
nan,126
桂冠肉荳蔻,127
紫羅蘭,128
格拉斯玫瑰,129
廣藿香,130
白茉莉,131
黃牡丹,132
玫瑰,133
梔子花,134
晚香玉,135
茉莉,136
橙子花,137
粉色胡椒,138
伊蘭伊蘭,139
鈴蘭,140
晚香玉,141
茉莉,142
百合,143
玫瑰,144
巴西玫瑰木,145
香菜,146
奈若利橙花,147
天竺葵,148
鈴蘭,149
茴香,150
橙花,151
葡萄柚開花,152
芙蓉,153
種子,154
黑蘭花,155
茉莉,156
玫瑰,157
依蘭,158
百合花,159
桂竹香,160
金銀花,161
石竹,162
歐洲露莓花,163
星茉莉,164
蒂亞雷,165
依蘭,166
薄荷,167
琥珀,168
薰衣草,169
廣藿香,170
羅勒,171
卵石,172
鳶尾根,173
玫瑰,174
牡丹,175
飽滿辛辣的生薑,176
深沉的雪松和花香,177
奇異的搭配完美融合,178
紫羅蘭葉,179
板栗愈創木杜松,180
玉蘭,181
晚香玉,182
鳶尾,183
茉莉,184
風信子,185
白花,186
依蘭,187
鈴蘭,188
蓮花,189
薑,190
廣藿香,191
莫吉托,192
紫羅蘭葉,193
晚香玉,194
白玫瑰,195
竹子,196
茉莉,197
葡萄柚,198
乾燥的乾雪松,199
勞丹脂,200
香根草,201
東加豆,202
廣藿香,203
香,204
乳香,205
牛奶,206
茉莉,207
香根草,208
檀香,209
愈創木,210
弗吉尼亞雪松,211
肉桂,212
小蒼蘭,213
紫羅蘭,214
埃及天竺葵,215
蘋果,216
肉桂,217
薰衣草,218
天竺葵,219
薰衣草,220
柏樹,221
鳶尾花,222
橙花,223
nan,224
黑莓葉,225
鈴蘭,226
蘆葦,227
茶玫瑰,228
肉桂葉,229
零陵香豆,230
晚香玉,231
危地馬拉小豆蔻,232
杜松,233
蘋果,234
天竺葵,235
杏仁,236
檸檬,237
杏仁,238
保加利亞玫瑰,239
覆盆子,240
橙花,241
小蒼蘭,242
茉莉,243
桂花,244
辣椒粉,245
廣藿香,246
蓮花,247
白牡丹,248
山百合,249
松樹,250
杜松子,251
月桂葉,252
西瓜,253
天竺葵,254
茉莉花,255
芫荽,256
橙花,257
小蒼蘭,258
含羞草,259
睡蓮,260
玉蘭,261
茉莉,262
玫瑰,263
皮革,264
海地香根草,265
薰衣草,266
天竺葵,267
肉豆蔻,268
生薑,269
胡椒,270
小茴香,271
茉莉花,272
橙花,273
羊絨,274
安息香,275
橙花,276
快樂鼠尾草,277
鳶尾花玫瑰花瓣橙花,278
小蒼蘭橙花含羞草睡蓮,279
茉莉花茶橙花蓮花,280
桂花,281
茉莉花,282
姜,283
肉豆蔻,284
雪松,285
薰衣草,286
玫瑰,287
茉莉基調,288
弗吉尼亞州雪松,289
愈創木,290
豆蔻,291
生薑,292
椰子花蜜,293
沙巴茉莉,294
花香元素覆盆子果仁糖,295
白松香,296
茉莉,297
皮革,298
黑香豆,299
肉桂,300
茉莉,301
土耳其玫瑰,302
香菜,303
薰衣草,304
紫羅蘭,305
辛辣香調,306
胡椒,307
天竺葵,308
天竺葵,309
咖啡,310
龍涎香,311
鳶尾,312
虹膜,313
生薑,314
梅,315
蘭,316
依蘭,317
香料,318
伏特加,319
杜松子酒,320
薄荷,321
香根草,322
薰衣草,323
玫瑰花瓣,324
木蘭,325
薰衣草,326
丁香,327
蜜桃,328
依蘭佳蕾花,329
薰衣草,330
小荳蔻,331
五月玫瑰,332
地中海杏仁,333
依蘭,334
非洲天竺葵,335
甜椒,336
雪松,337
廣藿香,338
鈴蘭,339
橙花牡丹紫羅蘭,340
玫瑰,341
橙花,342
茉莉,343
黑胡椒,344
茉莉,345
風信子,346
鳶尾花將甜美優雅中帶點調皮的感覺緩緩帶出,347
茉莉,348
鈴蘭,349
野玫瑰,350
虹膜,351
薰衣草,352
鼠尾草,353
埃及茉莉,354
晚香玉,355
格拉斯玫瑰,356
印度,357
百香果,358
辣,359
水果,360
依蘭,361
蓮花,362
梔子,363
茉莉,364
依蘭,365
薰衣草,366
鼠尾草,367
太妃糖,368
肉桂,369
茉莉花瓣,370
巴拉圭冬青油,371
升級再造玫瑰水,372
白茶調協,373
橙花,374
風信子,375
鼠尾草,376
雪松,377
天竺葵,378
覆盆子,379
小蒼蘭,380
牡丹花瓣,381
仙客來,382
玫瑰水,383
蕨藻精華,384
薄荷,385
鼠尾草,386
糖果蘋果,387
草,388
水筆記,389
覆盆莓花,390
土耳其玫瑰原精,391
茉莉花,392
白花,393
虹膜,394
紫羅蘭,395
奧里斯,396
薰衣草,397
迷迭香,398
廣藿香,399
紫羅蘭,400
廣藿香,401
玫瑰,402
茉莉,403
乳香,404
康乃馨,405
百合,406
荷花,407
朗姆酒,408
粉紅胡椒,409
公主樹,410
泡桐,411
肉荳蔻,412
胡椒,413
苦瓜,414
癒創木,415
巴西紅木,416
荳蔻,417
艾蒿,418
薰衣草,419
牡丹,420
茉莉,421
橙花,422
大茉莉花,423
木蘭香,424
薑百合,425
紫羅蘭葉,426
白茶,427
橙花千金子藤,428
肉桂,429
羊絨木,430
無花果葉,431
玫瑰,432
仙客來,433
水筆記,434
梔子,435
蜂蜜,436
茉莉,437
橙花,438
桃子,439
牡丹,440
鈴蘭,441
梨,442
虹膜,443
橙花,444
肉荳蔻紫羅蘭鳶尾根茉莉鈴蘭玫瑰,445
藍色鼠尾草,446
皮門託,447
迷迭香,448
柏木,449
杉木,450
鼠尾草,451
白樺樹,452
肉豆蔻,453
豆蔻,454
天竺葵,455
迷迭香,456
丁香,457
百合,458
茉莉花,459
伯羅尼亞,460
朱頂紅,461
依蘭,462
無花果葉,463
橙花,464
天竺葵,465
玫瑰晚香玉紫羅蘭鈴蘭,466
薰衣草,467
皮革,468
肉桂,469
鼠尾草,470
鹽,471
蘋果,472
肉豆蔻核仁,473
橘子,474
鼠尾草,475
薰衣草,476
橙花,477
康乃馨生薑紫羅蘭,478
茉莉,479
小蒼蘭,480
夜光茉莉,481
胡椒,482
nan,483
小顆粒姜,484
香,485
紫羅蘭,486
紫羅蘭,487
木梨,488
橙花,489
麝香,490
香根草,491
天竺葵,492
沒藥,493
松樹針,494
康乃馨,495
肉桂,496
茉莉,497
香芹,498
薰衣草,499
綠茶,500
松香基調,501
梅花,502
錫蘭肉桂,503
橙花,504
土耳其玫瑰,505
絕對玫瑰,506
保加利亞玫瑰,507
黎巴嫩橙,508
桂花,509
茉莉,510
紅色漿果,511
薰衣草,512
茶,513
木蘭,514
辣椒,515
番紅花,516
氣味豆蔻,517
黑胡椒,518
迷迭香,519
干邑,520
橙花,521
玫瑰,522
茉莉花,523
蜂蠟,524
仙客來,525
石灰,526
薰衣草,527
皮革,528
仙客來,529
肉桂,530
鼠尾草,531
勞丹脂,532
晚香玉,533
茉莉花,534
桂花,535
海棠花,536
茉莉,537
粉紅色的牡丹,538
小蒼蘭,539
桃花,540
梔子花,541
紫羅蘭,542
茉莉,543
茉莉花檸檬玫瑰,544
素馨花依蘭茉莉晚香玉,545
蘭花,546
牡丹,547
紫藤,548
木蘭,549
蘭花,550
番石榴,551
黑加侖子,552
茉莉花瓣,553
小蒼蘭,554
激情花,555
橙花,556
茉莉花,557
茉莉,558
金銀花,559
李子,560
肉荳蔻,561
木香調,562
胡椒,563
蘭花,564
生薑,565
大黃,566
蓮花,567
百合,568
香根草,569
鳶尾,570
茉莉,571
廣藿香,572
雪松,573
波斯樹脂,574
玫瑰,575
薰衣草,576
羅勒,577
豆蔻,578
天竺葵,579
姜,580
茶,581
鹹薰衣草,582
天竺葵,583
鼠尾草,584
藏紅花,585
天竺葵,586
鼠尾草,587
綠茶黑茶橙花純香,588
蘭花,589
茉莉,590
鈴蘭,591
向日葵洋甘菊玫瑰,592
印度晚香玉茉莉,593
綠茶香調,594
椰子花蜜,595
巴拉圭,596
玫瑰,597
茉莉花,598
鈴蘭,599
玫瑰,600
肉荳蔻,601
百合,602
鳶尾草,603
橙花,604
依蘭,605
杏仁,606
玫瑰,607
薄荷,608
羅勒,609
大麗花,610
花香元素,611
覆盆子,612
果仁糖,613
香根草,614
莫吉托,615
海洋香調,616
玫瑰花精華,617
茉莉,618
茉莉,619
橘,620
黑胡椒海洋調,621
海鹽基調鼠尾草,622
牡丹,623
小蒼蘭花,624
保加利亞玫瑰,625
鼠尾草,626
紅花,627
乳香,628
紅辣椒,629
鳶尾花,630
茉莉花,631
橙花,632
晚香玉,633
玫瑰,634
早茶,635
紫羅蘭葉,636
白玉蘭,637
達瓦那,638
木蘭花,639
櫻花,640
牡丹,641
非洲橙花,642
梔子,643
牡丹,644
椰子,645
香根草,646
辣椒,647
茉莉白玫瑰,648
薰衣草,649
天竺葵,650
檀香,651
海水,652
薰草豆,653
老鸛草,654
廣藿香,655
鳶尾根,656
茉莉,657
雪松,658
海水杜松子,659
氣味麝香,660
琥珀,661
紫羅蘭葉和廣藿香,662
橙花,663
大黃,664
杏仁,665
欖香機脂,666
紫羅蘭,667
薰衣草,668
羅勒,669
天竺葵,670
荳蔻,671
鈴蘭,672
睡蓮,673
山谷,674
牡丹,675
桃花,676
梨花,677
牡丹,678
桑巴茉莉,679
小蒼蘭,680
紫羅蘭,681
茉莉,682
白花,683
綠茶,684
黑醋栗,685
丁香,686
百合,687
肉和豆,688
天竺葵,689
紫羅蘭葉,690
鼠尾草鼠尾草,691
蘋果,692
果仁糖,693
牡丹,694
曼陀羅,695
玫瑰,696
玉蘭,697
茉莉,698
廣藿香,699
水仙,700
玫瑰木,701
零陵香豆,702
天竺葵,703
橙花,704
香根草,705
麝香,706
茉莉薰衣草橙花,707
大馬士革玫瑰精華,708
牡丹花,709
松樹芫荽薰衣草茉莉鈴蘭小荳蔻,710
鈴蘭,711
玫瑰,712
茉莉,713
馬尼娜水果,714
薰衣草,715
香菜,716
皮革,717
勞丹脂,718
肉豆蔻,719
香料,720
康乃馨,721
廣藿香,722
茉莉,723
香根草,724
玫瑰,725
松樹針,726
天竺葵,727
肉荳蔻,728
康乃馨,729
晚香玉,730
紫羅蘭,731
桃子,732
茉莉,733
依蘭,734
玫瑰,735
百合,736
橙花,737
紫羅蘭葉,738
花香香調茉莉花蕾,739
晚香玉,740
使君子,741
橙花,742
茉莉花,743
橙花,744
康乃馨蓮花百合白色紫羅蘭,745
nan,746
茉莉花,747
牡丹,748
小蒼蘭,749
覆盆子,750
玫瑰,751
忍冬茉莉鈴蘭,752
蘋果,753
鳶尾花,754
玫瑰,755
晚香玉赤素馨花茉莉,756
橙花,757
陽光元素,758
蛋花和牡丹,759
薰衣草,760
檀香,761
胡椒,762
鼠尾草,763
茉莉桑,764
馬達加斯加香草,765
月桂葉,766
花香調,767
木本,768
粉狀鳶尾根,769
茉莉,770
玫瑰,771
雪松,772
天竺葵,773
茉莉,774
迷迭香,775
鼠尾草,776
薰衣草,777
茴香,778
橙花,779
紫羅蘭葉,780
粉紅玫瑰,781
橙花,782
牡丹及紫羅蘭,783
木香,784
香菜,785
橙花,786
蘭花,787
紫羅蘭,788
欖香樹脂,789
乳香,790
玫瑰,791
香菜,792
藏紅花,793
百合谷,794
紫羅蘭,795
紅牡丹,796
保加利亞玫瑰,797
薔薇,798
桂花,799
茉莉,800
玫瑰,801
牡丹,802
四川辣椒,803
李子,804
薰衣草,805
雪松,806
小蒼蘭茉莉桃玫瑰,807
纈草,808
丁香,809
鼠尾草,810
格拉斯晚香玉,811
雙瓣茉莉,812
依蘭依蘭及五月玫瑰,813
焦糖,814
不朽花,815
紫羅蘭,816
牡丹,817
茉莉,818
茉莉花瓣,819
玉蘭,820
香石竹,821
麝香,822
茉莉,823
橡苔,824
白琥珀,825
茴香,826
甘草,827
晚香玉,828
玫瑰,829
花,830
黑鳶,831
玫瑰,832
天竺葵,833
埃及茉莉花,834
梔子花,835
麝香,836
香草玫瑰癒創木鈴蘭,837
桃,838
杏,839
肉桂,840
粉紅胡椒無花果葉茉莉,841
馬達加斯加香草,842
沙巴茉莉,843
鈴蘭茉莉紫羅蘭丁香花,844
杜松,845
柏樹,846
芝麻,847
鼠尾草,848
廣藿香,849
雪松,850
肉豆蔻,851
胡椒,852
芝麻,853
麂皮,854
黑胡椒,855
姜,856
干邑白蘭地,857
胡椒,858
茉莉花,859
柑橘,860
樹葉,861
花椒,862
蓮花,863
茶,864
百合,865
桂花,866
辣椒,867
玫瑰,868
肉豆蔻,869
香,870
胡椒,871
漂流木,872
百里香,873
高斯,874
聖人,875
薰衣草,876
生薑,877
肉豆蔻,878
弗吉尼亞雪松,879
尼羅河睡蓮青草香氣,880
月桂葉,881
薰香,882
肉荳蔻,883
薄荷,884
葡萄柚,885
紫羅蘭,886
玫瑰,887
薰衣草,888
青蘋果,889
紫羅蘭葉,890
黑加侖子,891
鳳梨,892
桃花心木,893
柏樹,894
鼠尾草,895
天竺葵,896
豆蔻,897
西番蓮,898
番石榴,899
生薑,900
玫瑰茉莉依蘭,901
橙花,902
桃,903
玫瑰,904
薄荷,905
天竺葵,906
鼠尾草,907
肉豆蔻,908
晚香玉,909
茉莉,910
橙花,911
保加利亞玫瑰,912
香菜,913
黑胡椒,914
依蘭,915
玉蘭,916
牡丹,917
洋甘菊,918
丁香,919
白牡丹,920
橙花的花瓣,921
桔梗玫瑰,922
百合伊蘭伊蘭白松香東方茉莉玫瑰,923
小蒼蘭,924
羅勒,925
香菜,926
艾蒿,927
橡樹,928
橡苔,929
廣藿香,930
茉莉花,931
非洲橙花,932
依蘭,933
晚香玉,934
玫瑰,935
白玫瑰,936
紫羅蘭,937
茉莉花,938
晚香玉,939
小豆蔻,940
茉莉,941
依蘭,942
木蘭,943
康乃馨和玫瑰,944
橙花,945
茉莉花茶,946
蓮花,947
茉莉,948
玫瑰,949
康乃馨,950
虹膜根部,951
香菜,952
廣藿香,953
檀香,954
玫瑰精華,955
茉莉,956
大馬士革玫瑰,957
直升機,958
橙子,959
鳶尾花,960
橙花,961
玫瑰,962
茉莉,963
茉莉花,964
百合,965
百合谷,966
無花果葉,967
黑櫻桃,968
格拉斯玫瑰,969
清新香調,970
荷花,971
番石榴,972
花,973
晚香玉,974
黑巧克力,975
北非橙花,976
印度植物茉莉花,977
茉莉花,978
橙,979
肉桂,980
雪松,981
煙草,982
木蘭花,983
鈴蘭和玫瑰,984
牡丹花,985
茉莉,986
香菜,987
樺樹,988
雪松,989
肉豆蔻,990
黎巴嫩雪松,991
零陵香樹,992
茉莉,993
薰衣草,994
玫瑰,995
鼠尾草,996
迷迭香,997
梨,998
鳶尾花,999
梅子,1000
紫羅蘭葉基調,1001
茉莉,1002
紫羅蘭葉,1003
鼠尾草,1004
蔓越莓,1005
玫瑰,1006
澳洲青蘋蘋果,1007
苦杏仁,1008
鼠尾草,1009
薰衣草,1010
佛手柑,1011
小蒼蘭,1012
沙巴茉莉,1013
玫瑰,1014
牡丹,1015
粉紅玫瑰,1016
鈴蘭,1017
橙色開花,1018
日本梔子,1019
小蒼蘭,1020
鳳眼蘭,1021
愈創木,1022
橙花,1023
艾蒿,1024
nan,1025
雪松,1026
鼠尾草,1027
紫羅蘭,1028
橙花,1029
楊桃,1030
迷迭香,1031
紫丁香茉莉花玫瑰棉花鈴蘭,1032
白胡椒,1033
雪松,1034
肉荳蔻,1035
晚香玉,1036
橙花,1037
白松香,1038
鼠尾草,1039
茉莉茉莉,1040
香草,1041
薰衣草,1042
天竺葵,1043
迷迭香,1044
鼠尾草,1045
肉荳蔻,1046
茉莉花,1047
天芥菜,1048
薰衣草,1049
荳蔻,1050
肉荳蔻,1051
蜂蠟,1052
橙花,1053
梔子花,1054
茉莉,1055
黑接骨木,1056
鳶尾花,1057
藍牡丹,1058
荷花,1059
蘭花,1060
辣椒粉,1061
廣藿香,1062
賽柏,1063
香根草,1064
賽普拉斯,1065
晚香玉茉莉橙花鳶尾根玫瑰,1066
黑羅勒,1067
雪松,1068
鼠尾草,1069
香根草,1070
草本,1071
小蒼蘭,1072
錦緞玫瑰,1073
茉莉花,1074
橙花,1075
蝴蝶蘭花,1076
橙花,1077
海百合,1078
海鹽,1079
鳶尾草紫蘇馬鞭草鼠尾草,1080
蓮花,1081
茉莉花,1082
玫瑰,1083
五月玫瑰,1084
杉樹葉,1085
八角,1086
苦橙葉,1087
義大利鳶尾脂,1088
玫瑰原精油,1089
李子花蜜,1090
仙客來,1091
玉蘭花白桃柑橘花綠茶,1092
梅花牡丹,1093
粉紅胡椒,1094
玫瑰,1095
薄荷,1096
晚香玉,1097
茉莉花,1098
白百合,1099
百合,1100
紫羅蘭,1101
根,1102
nan,1103
玫瑰,1104
nan,1105
香根草,1106
茉莉花,1107
粉紅百合的山谷,1108
紫羅蘭色,1109
牡丹花,1110
茉莉,1111
鈴蘭,1112
橙花,1113
海洋,1114
天竺葵,1115
馬卡龍,1116
棉花糖,1117
鈴蘭,1118
棉花糖,1119
梔子,1120
蘭花,1121
香草,1122
百合谷,1123
牡丹,1124
玫瑰,1125
玫瑰葉,1126
玫瑰花蕾,1127
山谷百合,1128
茉莉花,1129
椰子水,1130
紫羅蘭葉,1131
廣藿香,1132
木質元素,1133
甜豌豆,1134
玫瑰,1135
松樹,1136
白松鼠,1137
肉荳蔻,1138
紫羅蘭,1139
胡椒,1140
百合,1141
白玫瑰,1142
風信子,1143
茉莉,1144
玫瑰,1145
茉莉,1146
樺木,1147
菠蘿,1148
菸葉,1149
茉莉,1150
李脯玫瑰茉莉蘋果小蒼蘭紫羅蘭,1151
佛手柑透明茉莉睡蓮花,1152
薰衣草,1153
棉花,1154
茉莉晚香玉依蘭,1155
橙花,1156
玫瑰,1157
埃及茉莉,1158
梔子花,1159
繡球花,1160
金銀花,1161
白胡椒紫羅蘭葉羅勒花,1162
梨,1163
黃瓜,1164
綠茶,1165
薰衣草,1166
橙,1167
百花,1168
nan,1169
紫羅蘭,1170
荳蔻,1171
紙莎草,1172
香味橙花,1173
青蘋果,1174
小蒼蘭,1175
柚木和檸檬,1176
水仙,1177
檀香,1178
廣藿香,1179
紅木,1180
蜜糖,1181
薰衣草,1182
香根草,1183
香菜,1184
茉莉花,1185
玫瑰,1186
鈴蘭,1187
鼠尾草,1188
茉莉花,1189
風信子,1190
天竺葵薰衣草欖香粉紅胡椒香根草廣藿香,1191
玫瑰花蜜,1192
水果,1193
茉莉花,1194
香草,1195
紫羅蘭葉,1196
肉桂,1197
天竺葵,1198
迷迭香,1199
番紅花,1200
肉桂,1201
辣椒粉,1202
柏樹,1203
鼠尾草,1204
百合,1205
牡丹,1206
果仁糖,1207
棉花糖,1208
百香果,1209
火龍果,1210
檀香,1211
羅勒,1212
小荳蔻,1213
茉莉,1214
金盞花,1215
意大利柑橘,1216
佛手柑和天竺葵,1217
玫瑰,1218
鈴蘭,1219
小蒼蘭,1220
天竺葵玫瑰廣藿香,1221
生薑,1222
綠葉,1223
蘋果,1224
天竺葵,1225
肉桂溫暖,1226
丁香,1227
茉莉,1228
小蒼蘭,1229
流沙香調,1230
杏桃花苿莉鈴蘭百合,1231
牡丹,1232
梔子,1233
玫瑰,1234
木蘭,1235
茉莉,1236
鈴蘭,1237
茉莉,1238
牡丹,1239
丁香,1240
海洋,1241
大花茉莉精粹木蘭茉莉精粹大馬士革玫瑰,1242
藍莓,1243
咖啡,1244
nan,1245
天竺葵,1246
鼠尾草,1247
朗姆,1248
巖蘭草,1249
紫羅蘭葉,1250
紙莎草木,1251
有機廣藿香,1252
黑胡椒,1253
nan,1254
茉莉,1255
胡蘿蔔,1256
辣香菜,1257
黑巧克力,1258
可可,1259
海鹽,1260
胡椒,1261
波斯菊紫丁香,1262
肉桂,1263
小茴香,1264
橙花,1265
生薑,1266
梔子花,1267
紫羅蘭,1268
鼠尾草,1269
紫羅蘭,1270
辣椒,1271
水百合,1272
白桃,1273
朱頂紅,1274
波本胡椒,1275
白松,1276
肉荳蔻,1277
紫羅蘭,1278
肉荳蔻,1279
公丁香,1280
肉桂,1281
杏仁,1282
印度拉茶,1283
蓮花,1284
紫羅蘭,1285
杏仁,1286
甜豌豆,1287
薰衣草,1288
廣藿香,1289
東卡豆,1290
杏仁,1291
奈若利橙花,1292
天竺葵,1293
雪松葉,1294
潮濕,1295
半透明的花朵天使翼茉莉花,1296
荷花,1297
蘭花,1298
杜鵑,1299
杜松子,1300
粉紅色牡丹,1301
玫瑰花瓣,1302
檀香木,1303
迷迭香,1304
天竺葵,1305
小荳蔻,1306
大黃,1307
雪松,1308
菠蘿,1309
金屬,1310
綠色花朵,1311
鈴蘭,1312
白玉蘭,1313
藏紅花,1314
肉豆蔻,1315
黑胡椒,1316
綠茶,1317
百合,1318
仙客來,1319
橙花,1320
紫羅蘭鈴蘭橙花康乃馨,1321
杜松,1322
快樂鼠尾草,1323
天竺葵,1324
薰衣草油,1325
雪松,1326
桃金娘,1327
意大利茉莉,1328
龍涎香,1329
保加利亞玫瑰,1330
茉莉薰衣草紫蘿蘭,1331
蜂蜜,1332
康乃馨,1333
肉桂,1334
鳶尾根,1335
香根草,1336
雪松,1337
玫瑰基調,1338
分杜松子,1339
生薑,1340
高良薑,1341
茉莉花,1342
天芥菜,1343
綠葉調,1344
百合,1345
桂花,1346
多香果,1347
芝麻,1348
牛至,1349
迷迭香,1350
百合,1351
牡丹,1352
李子,1353
覆盆子,1354
黎巴嫩藍柏,1355
薰衣草,1356
快樂鼠尾草,1357
香草,1358
薄荷,1359
桉樹,1360
紅蘋果,1361
鳶尾花,1362
山谷百合,1363
薑,1364
青蘋果,1365
馬鞭草,1366
清新鼠尾草薄荷味礦物鹽味,1367
巴拉圭,1368
天竺葵,1369
海洋,1370
晚香玉,1371
木蘭,1372
花,1373
蘭花,1374
翠綠樹葉,1375
牡丹,1376
杏,1377
曼陀羅花,1378
牛奶焦糖漿汁,1379
香草花,1380
糖衣杏仁,1381
牡丹,1382
玫瑰,1383
皮革,1384
小蒼蘭,1385
茉莉,1386
天竺葵,1387
玫瑰,1388
廣藿香,1389
羅勒小蒼蘭山蒼樹,1390
麝香,1391
玫瑰牡丹麝香,1392
粉紅胡椒,1393
茉莉,1394
香根草,1395
柑橘,1396
風信子鼠尾草雪松老鸛草,1397
香根草,1398
瓦洛裏橙花,1399
梔子花,1400
茉莉,1401
鈴蘭,1402
玫瑰,1403
虹膜,1404
非洲橙花,1405
牡丹,1406
肉豆蔻,1407
蓮花,1408
丁香,1409
鼠尾草,1410
海洋元素,1411
波斯樹脂,1412
香料,1413
玫瑰,1414
石榴,1415
粉紅色的風信子,1416
香根草,1417
雪松,1418
科涅克白蘭地,1419
杜松子,1420
小荳蔻,1421
威士卡,1422
礦物氣氛,1423
肉桂皮,1424
橙花,1425
白色夾竹桃,1426
公丁香,1427
玫瑰,1428
木蘭,1429
椰子,1430
別緻的粉色玫瑰,1431
蒂阿爾花,1432
紅色素花,1433
鼠尾草,1434
香,1435
絨面革,1436
海洋元素,1437
一品冠,1438
香菜,1439
茉莉花,1440
橡木苔,1441
黑色羅勒,1442
鼠尾草,1443
雪松,1444
鈴蘭,1445
茉莉花,1446
藏紅花,1447
玫瑰,1448
西番蓮,1449
梔子花,1450
晚香玉,1451
麝香,1452
橙花,1453
荳蔻肉,1454
荳蔻,1455
虹膜,1456
康乃馨,1457
鳶尾根,1458
茉莉,1459
鈴蘭,1460
玫瑰,1461
天竺葵,1462
薰衣草,1463
麝香,1464
杉木樹脂,1465
香脂冷杉,1466
西番蓮,1467
茉莉,1468
睡蓮,1469
中國粉紅牡丹,1470
黑丁香白牡丹,1471
姜,1472
nan,1473
nan,1474
nan,1475
茉莉,1476
波旁天竺葵,1477
小茴香,1478
香菜,1479
肉桂,1480
豆蔻,1481
丁香,1482
含羞草,1483
皮革,1484
天竺葵,1485
艾蒿,1486
柏樹,1487
廣藿香,1488
藏紅花,1489
丁香,1490
薰衣草,1491
迷迭香,1492
胡椒,1493
血橙,1494
薰衣草,1495
胡椒,1496
檀香,1497
肉荳蔻,1498
康乃馨,1499
晚香玉,1500
紫羅蘭,1501
桃子,1502
茉莉,1503
依蘭,1504
玫瑰,1505
天竺葵,1506
西瓜,1507
姜,1508
雪松,1509
香,1510
木質元素,1511
虹膜,1512
檀香,1513
玫瑰,1514
茉莉,1515
鈴蘭,1516
玫瑰,1517
天竺葵,1518
檀香廣藿香,1519
茉莉,1520
晚香玉,1521
睡蓮,1522
野玫瑰,1523
佛手柑,1524
西西里佛手柑,1525
檸檬,1526
梨,1527
玫瑰,1528
木蘭花玫瑰花鈴蘭,1529
玫瑰花蜜,1530
茉莉花,1531
香草,1532
香草麝香,1533
無花果,1534
綠茶,1535
紫羅蘭葉,1536
開心果,1537
羅望子,1538
茉莉薰衣草橙花,1539
晚香玉,1540
紫羅蘭,1541
鳶尾花,1542
保加利亞玫瑰,1543
肉荳蔻,1544
麝香,1545
鳶尾,1546
橘子,1547
西西里檸檬,1548
佛手柑,1549
薰衣草,1550
紅漿果,1551
薰衣草,1552
荳蔻,1553
荳蔻,1554
水筆,1555
卡娜,1556
仙客來,1557
茉莉,1558
晚香玉,1559
牡丹,1560
庫拉索,1561
梔子花心,1562
紫羅蘭花瓣,1563
茉莉花瓣,1564
玫瑰,1565
百合,1566
辣椒,1567
弗吉尼亞州雪松,1568
鈴蘭,1569
椰子,1570
雞蛋花,1571
橙花,1572
鼠尾草胡荽小蒼蘭,1573
雪松,1574
薰香,1575
癒創木,1576
勞丹脂,1577
紫羅蘭,1578
牡丹,1579
木蘭,1580
玫瑰,1581
丁香,1582
玫瑰,1583
晚香玉,1584
天竺葵,1585
天芥菜,1586
牡丹,1587
橙花,1588
豆蔻果實,1589
薰衣草,1590
橙花,1591
橙花,1592
芫菜,1593
鳶尾花提純,1594
玫瑰,1595
白梔子花茉莉原精雞蛋花,1596
依蘭,1597
玫瑰,1598
胡蘿蔔籽,1599
肉荳蔻,1600
公丁香,1601
香根草,1602
鼠尾草,1603
杜松子,1604
天竺葵,1605
肉桂,1606
雪松,1607
煙草,1608
小蒼蘭,1609
蒂亞雷花,1610
香味麝香,1611
鳶尾,1612
粉紅胡椒,1613
黑胡椒,1614
天竺葵,1615
牡丹,1616
黃梔子,1617
茉莉花,1618
玫瑰花,1619
小蒼蘭,1620
牡丹,1621
桃花,1622
肉豆蔻,1623
小蒼蘭,1624
鳶尾根,1625
茉莉,1626
玫瑰,1627
豆蔻,1628
百合花,1629
咖啡樹,1630
藏紅花,1631
琥珀,1632
皮革,1633
檀香木,1634
鈴蘭,1635
桃,1636
梨,1637
牡丹,1638
玫瑰,1639
勁爽薄荷綠茶清甜茉莉康乃馨茴香脆芹,1640
玫瑰,1641
茉莉,1642
蘭花,1643
綠葉調薄荷,1644
茉莉,1645
蒂亞雷,1646
梔子,1647
木蘭,1648
茉莉,1649
薄荷後調,1650
澳洲青蘋蘋果,1651
牡丹,1652
果仁,1653
曼陀羅,1654
白色的花,1655
茉莉花,1656
紫羅蘭,1657
麝香紫藤,1658
晚香玉依蘭茉莉橙花梨粉紅胡椒鈴蘭,1659
水因子鼠尾草迷迭香天竺葵,1660
莉莉,1661
康乃馨,1662
玫瑰,1663
三葉草,1664
香草,1665
覆盆子,1666
甘草,1667
果仁糖,1668
梔子花,1669
粉紅胡椒,1670
氨溴生,1671
杏,1672
檀香,1673
弗吉尼亞州雪松,1674
木蘭花,1675
牡丹花,1676
蓮花,1677
尼羅河睡蓮,1678
青草香氣,1679
橙花沙巴小花茉莉,1680
小蒼蘭,1681
玫瑰,1682
小蒼蘭,1683
玫瑰,1684
茉莉,1685
桂花,1686
nan,1687
番石榴,1688
百香果,1689
小豆蔻,1690
香菜,1691
天竺葵,1692
埃及天竺葵,1693
玉蘭,1694
牡丹,1695
玫瑰,1696
茉莉花瓣,1697
茉莉桃子晚香玉,1698
小蒼蘭,1699
鈴蘭,1700
玫瑰,1701
白蘭地,1702
海地香根草,1703
鈴蘭玫瑰,1704
櫻花茉莉花,1705
琥珀,1706
麝香,1707
丁香花香調,1708
洋甘菊,1709
向日葵,1710
玫瑰,1711
香蘭玫瑰,1712
石榴汁糖漿,1713
玫瑰,1714
茉莉,1715
玫瑰,1716
晚香玉,1717
肉桂,1718
雪松,1719
廣藿香,1720
檀香,1721
玫瑰,1722
薰衣草,1723
水果,1724
胡椒橙花油雪松,1725
仙客來,1726
肉桂,1727
鼠尾草,1728
勞丹脂,1729
覆盆子,1730
桃花,1731
紫羅蘭,1732
沉香,1733
香菜,1734
nan,1735
白茶精粹,1736
巴拉圭馬黛茶,1737
白鳶尾花,1738
土耳其玫瑰,1739
胡桃香氣,1740
薰衣草,1741
迷迭香,1742
虹膜,1743
乳香,1744
玉蘭茶玫瑰橙花茉莉,1745
牡丹,1746
生薑,1747
迷迭香,1748
薄荷,1749
松樹,1750
肉荳蔻,1751
榛子,1752
雪松,1753
開司米木,1754
蜂蜜,1755
紫羅蘭葉絕對,1756
白色薰衣草,1757
紫色鼠尾草,1758
桂花海棠花茉莉花,1759
茉莉,1760
梔子花,1761
晚香玉,1762
玫瑰,1763
玫瑰,1764
茉莉,1765
梔子花,1766
茉莉花,1767
非洲橙花,1768
天竺葵,1769
玉蘭,1770
藍色風信子,1771
鳶尾花,1772
油桃,1773
桃子花,1774
紅色仙客來,1775
野玫瑰,1776
草,1777
香草,1778
肉桂,1779
酒,1780
蘋果,1781
茉莉,1782
依蘭,1783
茉莉,1784
玫瑰,1785
白色的花朵,1786
覆盆子,1787
桂花,1788
虹膜,1789
金梅,1790
橙花,1791
薰衣草,1792
晚香玉,1793
香草蘭,1794
茉莉花,1795
櫻花,1796
茉莉花瓣,1797
玉蘭,1798
蘋果,1799
鼠尾草,1800
雞血石,1801
仙客來,1802
肉荳蔻,1803
米色諾,1804
香菜,1805
紫羅蘭,1806
玫瑰,1807
nan,1808
nan,1809
茉莉花,1810
桃子,1811
茉莉花,1812
黃牡丹,1813
玫瑰,1814
梔子花,1815
橙花,1816
香檸檬橘子,1817
鼠尾草,1818
白茶,1819
雪松,1820
葉樺,1821
肉荳蔻油,1822
雪松,1823
波斯樹脂,1824
香根草,1825
鼠尾草,1826
木質元素,1827
甜瓜,1828
廣藿香,1829
晚香玉,1830
茉莉,1831
金銀花,1832
零陵香豆,1833
晨間玫瑰,1834
茉莉,1835
茶綠色元素花香元素,1836
柏,1837
姜,1838
杜松子,1839
粉紅胡椒,1840
薰衣草,1841
薰衣草,1842
檸檬馬鞭草,1843
香,1844
橙花瓣,1845
摩洛哥玫瑰,1846
茉莉花,1847
桑巴克,1848
含羞草,1849
海洋,1850
青蘋果,1851
牡丹,1852
突厥薔薇,1853
木蘭花,1854
波旁胡椒,1855
薑,1856
杜松子,1857
黑胡椒,1858
香調苦橙,1859
玉蘭,1860
白玫瑰,1861
琥珀和木質香調,1862
肉荳蔻,1863
天竺葵,1864
紫羅蘭,1865
nan,1866
金銀花,1867
玉蘭,1868
康乃馨,1869
茉莉,1870
玫瑰,1871
天竺葵,1872
弗吉尼亞雪松,1873
沉香木,1874
皮革,1875
紫羅蘭,1876
鼠尾草,1877
含薰衣草天竺葵香豆素,1878
雪松,1879
胡椒,1880
辣椒,1881
天竺葵,1882
橙花,1883
茉莉,1884
檀香,1885
甜味,1886
丁香,1887
百合,1888
茉莉,1889
茉莉花油,1890
玉蘭花,1891
nan,1892
茉莉,1893
玫瑰,1894
荷花,1895
蘋果,1896
生薑,1897
茉莉,1898
玉蘭,1899
晚香玉,1900
鳶尾,1901
茉莉,1902
風信子,1903
白花,1904
依蘭,1905
鈴蘭,1906
蓮花,1907
苔癬調,1908
小豆蔻,1909
紫羅蘭,1910
桃,1911
小蒼蘭,1912
大馬士革玫瑰,1913
鳶尾花,1914
蜜瓜,1915
鼠尾草,1916
薰衣草,1917
青蘋果,1918
蠟菊,1919
天竺葵,1920
鳶尾花,1921
土耳其玫瑰,1922
牡丹,1923
鈴蘭,1924
覆盆子,1925
黃茶玫瑰,1926
香草花,1927
覆盆子,1928
杏仁,1929
零陵香豆,1930
荳蔻,1931
生薑,1932
橙花,1933
木蘭香精,1934
沙巴茉莉原精,1935
鈴蘭,1936
依蘭香精基調,1937
薰衣草,1938
鼠尾草,1939
鳶尾花,1940
風信子和茉莉,1941
蘭花,1942
梔子花,1943
牡丹,1944
粉色百合,1945
茉莉,1946
激情花,1947
雞血石,1948
康乃馨橙花玫瑰晚香玉,1949
櫻花茉莉花瓣玉蘭,1950
柿子,1951
百合,1952
洗衣香,1953
天芥香,1954
薰衣草,1955
突尼斯橙花,1956
鼠尾草,1957
氣味皮革,1958
沉香木,1959
東方木香,1960
香料,1961
雪松,1962
香根草,1963
樹脂,1964
保加利亞玫瑰,1965
紫羅蘭葉,1966
牡丹,1967
檀香,1968
皮革,1969
羅勒,1970
迷迭香,1971
無花果樹,1972
薰衣草,1973
蒙古,1974
天竺葵,1975
紅茶,1976
薰衣草,1977
紫羅蘭,1978
柏樹,1979
檸檬,1980
印度小茉莉,1981
茉莉,1982
牡丹,1983
八角,1984
橄欖開花,1985
癒創木頭,1986
茉莉,1987
苔蘚,1988
檀香,1989
雪松,1990
葡萄柚幹雪松香調勞丹脂,1991
金銀花,1992
百合,1993
紫羅蘭,1994
薄荷,1995
葡萄柚,1996
檸檬,1997
玫瑰,1998
玫瑰焚香香草,1999
廣藿香鳶尾花,2000
晚香玉,2001
茉莉花,2002
金銀花,2003
小豆蔻,2004
肉豆蔻,2005
當歸,2006
紫羅蘭葉,2007
薄荷,2008
生薑,2009
天竺葵,2010
白色花瓣白玫瑰,2011
茉莉,2012
鈴蘭,2013
橘子,2014
nan,2015
茉莉,2016
茶,2017
煙,2018
檀香,2019
可可豆莢,2020
荷花蓮花,2021
咖啡,2022
鳶尾根,2023
香根草精華,2024
天竺葵,2025
鼠尾草,2026
迷迭香,2027
山谷百合,2028
玫瑰和蘭花,2029
芙蓉,2030
蘭花,2031
睡蓮,2032
桂花,2033
印度晚香玉,2034
廣藿香,2035
鳶尾,2036
茉莉花,2037
玫瑰,2038
八角橄欖花愈創木,2039
梅花,2040
意大利虹膜,2041
玫瑰花瓣,2042
青蘋果,2043
天竺葵,2044
香根草,2045
廣藿香,2046
雪松,2047
蘋果,2048
橙花,2049
玫瑰,2050
杏仁,2051
黑醋栗,2052
蘭花,2053
百合,2054
刺槐,2055
黑醋栗,2056
綠茶,2057
保加利亞玫瑰,2058
百合,2059
李子,2060
提亞雷花,2061
橙花,2062
黃香檳,2063
香草鼠尾草,2064
薰衣草,2065
香菜,2066
托斯卡醇,2067
羅勒,2068
天竺葵,2069
棕櫚,2070
玫瑰,2071
蓮花,2072
苦橙,2073
陽光,2074
臭氧,2075
晚香玉,2076
海鹽,2077
茉莉,2078
橙花,2079
茉莉,2080
百合,2081
小蒼蘭,2082
鈴蘭紫羅蘭丁香花,2083
桂花,2084
麝香,2085
橙子,2086
煙草,2087
乾草,2088
麩皮,2089
鼠尾草,2090
天竺葵,2091
茉莉,2092
雪松針,2093
海洋,2094
西瓜,2095
油桃,2096
刺靈芝,2097
玫瑰,2098
櫻花,2099
黑醋栗,2100
桃子,2101
海藻,2102
薰衣草,2103
棉花,2104
百日薔薇,2105
桑巴克茉莉花,2106
牡丹,2107
茉莉花油,2108
薰衣草,2109
豆蔻,2110
茉莉,2111
nan,2112
晚香玉,2113
橙花,2114
茉莉,2115
依蘭,2116
牡丹,2117
蒙古,2118
康乃馨,2119
鳶尾,2120
薄荷,2121
鼠尾草,2122
鈴蘭,2123
小豆蔻,2124
羅勒,2125
天竺葵,2126
迷迭香,2127
薰衣草,2128
海,2129
生薑,2130
薄荷,2131
肉荳蔻,2132
薰衣草,2133
茉莉,2134
大黃,2135
紫羅蘭茉莉玫瑰松橙花精油,2136
保加利亞玫瑰,2137
茉莉茉莉,2138
鳶尾草,2139
晚香玉,2140
百合,2141
牡丹,2142
鳶尾根,2143
沙,2144
薰衣草,2145
百里香,2146
天竺葵,2147
粉紅牡丹,2148
胡椒,2149
康乃馨,2150
白色百合,2151
牡丹,2152
依蘭,2153
卡薩布蘭卡百合,2154
橙花,2155
肉豆蔻,2156
鼠尾草,2157
雪松,2158
薄荷,2159
羅勒,2160
鼠尾草,2161
橙花,2162
茉莉,2163
玫瑰,2164
金銀花,2165
鳶尾花,2166
茉莉,2167
風信子,2168
睡蓮,2169
玫瑰,2170
鈴蘭茉莉花橙花依蘭依蘭玫瑰天竺葵羅勒迷迭香,2171
海洋香,2172
薑,2173
豆蔻,2174
琥珀,2175
胡椒,2176
粉紅胡椒,2177
紫羅蘭,2178
莫吉托,2179
天竺葵,2180
薰衣草,2181
小荳蔻,2182
菠蘿,2183
茴香,2184
胡椒,2185
土耳其玫瑰,2186
茉莉花,2187
丁香,2188
nan,2189
桃花,2190
茉莉,2191
玫瑰,2192
百合,2193
鳶尾花,2194
保加利亞玫瑰,2195
天芥菜,2196
鳶尾根,2197
埃及茉莉,2198
鈴蘭,2199
風信子,2200
百合,2201
桃花,2202
香調阿馬爾菲檸檬,2203
法國馬鞭草,2204
法國馬鞭草,2205
白蘭地,2206
印度小茉莉晚香玉鳶尾,2207
薰衣草,2208
胡椒,2209
紫羅蘭,2210
大黃,2211
百合谷,2212
玫瑰,2213
茉莉,2214
草藥,2215
橙花,2216
胡椒,2217
桂花,2218
杏仁,2219
格拉斯茉莉五月玫瑰依蘭鳶尾,2220
荳蔻,2221
薰衣草,2222
海洋成分,2223
乳香,2224
玫瑰,2225
茉莉,2226
橙花,2227
康乃馨,2228
檀香,2229
廣藿香,2230
肉桂,2231
茉莉,2232
雪松,2233
玫瑰,2234
紫羅蘭,2235
茉莉花,2236
肉荳蔻,2237
丁香,2238
鼠尾草,2239
肉桂,2240
保加利亞玫瑰,2241
柏樹,2242
木本香調,2243
麝香,2244
茉莉,2245
印尼肉荳蔻,2246
烤咖啡豆,2247
茉莉花,2248
玫瑰,2249
鳳梨,2250
晚香玉,2251
鳶尾花,2252
nan,2253
茉莉,2254
梔子,2255
黑加侖,2256
花蕾淨油,2257
茉莉花花瓣,2258
小蒼蘭,2259
芭樂,2260
紫羅蘭,2261
清淡花香,2262
肉豆蔻,2263
皮革,2264
茴香,2265
綠草,2266
羅勒,2267
橡苔,2268
波馬玫瑰,2269
天竺葵,2270
茉莉,2271
白色大麗花,2272
薰衣草,2273
麝香,2274
琥珀,2275
鳶尾根,2276
肉桂,2277
安息香,2278
蘭花,2279
金銀花,2280
桂花,2281
木蘭,2282
胡椒,2283
鳶尾花,2284
癒創木,2285
巴西花梨木,2286
香菜,2287
仙客來,2288
小荳蔻,2289
康乃馨,2290
天竺葵,2291
茉莉,2292
梔子,2293
五月玫瑰,2294
桂花,2295
橙花,2296
艾蒿,2297
白茶茉莉橙子花奈若利橙花,2298
玫瑰,2299
茉莉,2300
玫瑰,2301
紫羅蘭,2302
鈴蘭,2303
山谷百合,2304
橙花,2305
牡丹,2306
白色的花,2307
馬達加斯加茉莉,2308
百合,2309
玫瑰,2310
百合,2311
小蒼蘭,2312
茉莉,2313
曼寧卡,2314
玫瑰茉莉橙花白花玫瑰,2315
錫蘭茶,2316
風鈴草,2317
鳶尾花,2318
石榴,2319
木槿和睡蓮,2320
佛手柑,2321
薰衣草,2322
雪松,2323
迷迭香,2324
海藻,2325
水,2326
綠草,2327
羅勒後調,2328
薰衣草廣藿香東卡豆,2329
紫羅蘭葉,2330
生薑,2331
小荳蔻,2332
蓮花,2333
蘆葦,2334
橙,2335
風信子,2336
牡丹,2337
牡丹,2338
nan,2339
保加利亞玫瑰,2340
山茶花,2341
梔子花,2342
百合,2343
茉莉,2344
藍色仙客來,2345
紫羅蘭,2346
鈴蘭,2347
樺木,2348
雪松,2349
波斯樹脂,2350
當歸,2351
姜,2352
橙花,2353
荳蔻,2354
薰衣草,2355
胡椒,2356
荳蔻,2357
艾蒿,2358
菠蘿,2359
紅蘋果,2360
坎帕裏,2361
鳶尾花,2362
雪松,2363
大米,2364
鳶尾花麝葵子蘋果花,2365
牡丹,2366
木蘭,2367
油桃,2368
紫羅蘭葉,2369
玫瑰,2370
茉莉,2371
依蘭,2372
橙花油,2373
紫羅蘭葉,2374
蘋果,2375
肉桂,2376
玫瑰,2377
nan,2378
橙花,2379
杏,2380
肉荳蔻,2381
肉桂,2382
橡苔,2383
康乃馨,2384
紫羅蘭,2385
意大利柏樹,2386
雪松,2387
豆蔻,2388
天竺葵,2389
紫羅蘭,2390
油桃牡丹,2391
香根草,2392
零陵香豆,2393
茉莉,2394
康乃馨,2395
玫瑰,2396
馬鬱蘭,2397
紅色馬蹄蓮,2398
乳膠,2399
濃縮咖啡,2400
薰衣草,2401
生薑,2402
迷迭香,2403
苦橙葉,2404
馬達加斯加天竺葵精油鼠尾草,2405
橙花,2406
木槿鈴蘭,2407
薑粉,2408
保加利亞玫瑰,2409
香桃,2410
桃花,2411
茉莉花,2412
風信子,2413
山竹,2414
花香,2415
海地香根草,2416
檀香木,2417
鳶尾花,2418
虹膜,2419
珍貴的樹林,2420
小蒼蘭,2421
荳蔻,2422
胡荽,2423
杜松,2424
鼠尾草,2425
茉莉,2426
香根草,2427
廣藿香,2428
檀香木,2429
杜松,2430
海筆記,2431
四川辣椒,2432
皮革香草,2433
蜂蜜,2434
薰衣草,2435
鳶尾根,2436
茉莉,2437
鼠尾草,2438
百合即用的谷,2439
玫瑰,2440
天竺葵,2441
多香果,2442
藏紅花,2443
鼠尾草,2444
乳香,2445
姜葉,2446
小蒼蘭,2447
芙蓉,2448
牡丹,2449
百合,2450
康乃馨,2451
椰子,2452
素馨花,2453
依蘭依蘭,2454
橙花鈴蘭無花果花蜜桃花,2455
鳶尾,2456
薰衣草,2457
天竺葵,2458
廣藿香,2459
迷迭香,2460
鼠尾草,2461
琥珀,2462
沉香,2463
玫瑰,2464
雞血石,2465
山茱萸,2466
金銀花,2467
木蘭,2468
純玫瑰萃取精華,2469
精純茉莉,2470
玫瑰白花紫羅蘭,2471
胡椒,2472
癒創木,2473
茉莉花,2474
花香辣康乃馨,2475
甜橙花,2476
百合,2477
木蘭花純香,2478
花椒欖香脂粉紅胡椒,2479
貝裡尼雞尾酒,2480
梅花,2481
藍色仙客來,2482
茉莉花,2483
梔子,2484
晚香玉,2485
茉莉,2486
誘人的玫瑰,2487
小蒼蘭,2488
蘭花,2489
茉莉花,2490
玫瑰,2491
梨花,2492
黑胡椒,2493
肉荳蔻,2494
托斯卡納鳶尾樹脂,2495
埃及天竺葵,2496
保加利亞玫瑰,2497
鼠尾草,2498
蘋果,2499
鳶尾,2500
茉莉,2501
蘭花,2502
小蒼蘭,2503
玉蘭,2504
野玫瑰,2505
鳳梨花,2506
風信子,2507
油桃,2508
檸檬花,2509
茉莉香料,2510
茉莉花,2511
牡丹,2512
保加利亞,2513
土耳其玫瑰,2514
晚香玉,2515
粉色胡椒,2516
莫吉托,2517
康乃馨,2518
根,2519
茉莉花,2520
玫瑰,2521
荳蔻,2522
可可豆莢,2523
胡桃木香調,2524
木質香,2525
香味印度無花果葉,2526
無花果,2527
芫荽,2528
鼠尾草,2529
皮革,2530
酸橙和李子,2531
肉桂,2532
胡椒,2533
以及雪松和檀香木的木質香調,2534
茉莉花,2535
白玫瑰,2536
紫羅蘭,2537
玫瑰茉莉白花綠色香調,2538
烏龍茶葉,2539
橙花沙巴茉莉橙花橙花,2540
廣藿香鼠尾草鳶尾根茉莉小荳蔻,2541
木蘭,2542
紫羅蘭,2543
玫瑰,2544
荳蔻,2545
薰衣草,2546
海洋成分,2547
中調橙花,2548
玫瑰,2549
鈴蘭,2550
竹子,2551
葵子,2552
麝香,2553
水果薰衣草,2554
紫丁香,2555
天竺葵,2556
木蘭,2557
玫瑰,2558
櫻花,2559
提亞爾花,2560
晚香玉,2561
菠蘿,2562
櫻花茉莉花瓣,2563
杜松,2564
木質元素,2565
干邑白蘭地,2566
玫瑰花,2567
晚香玉,2568
茉莉花,2569
金銀花,2570
百合,2571
小蒼蘭,2572
紅百合,2573
茉莉,2574
玫瑰鈴蘭茉莉紫羅蘭,2575
茉莉花,2576
鈴蘭和牡丹,2577
廣藿香,2578
黑胡椒,2579
薄荷,2580
迷迭香,2581
無花果蜜,2582
粉紅胡椒,2583
茉莉花瓣,2584
雪松,2585
肉桂,2586
荳蔻,2587
茉莉,2588
風信子,2589
蝴蝶花,2590
茉莉,2591
蘭花,2592
牡丹,2593
天竺葵,2594
香根草,2595
雪松,2596
癒創木,2597
檀香,2598
小蒼蘭,2599
茉莉,2600
桃,2601
玫瑰,2602
橙花,2603
保加利亞玫瑰精油,2604
保加利亞玫瑰,2605
茉莉,2606
脯氨酸,2607
棉花糖,2608
牡丹,2609
椰子,2610
綠葉,2611
紫羅蘭,2612
黑莓,2613
清新的茉莉花,2614
黑加侖子鳳梨,2615
荔枝,2616
玫瑰,2617
玉蘭,2618
天竺葵,2619
nan,2620
虹膜,2621
橙花,2622
鼠尾草,2623
虹膜,2624
雪松,2625
香根草,2626
非洲橙花,2627
夜來香,2628
玫瑰,2629
茉莉蘭花睡蓮,2630
玫瑰,2631
天竺葵,2632
蜀葵,2633
茉莉,2634
金銀花,2635
法桐,2636
紫羅蘭,2637
茶,2638
塔魯苦瓜,2639
黑荳蔻,2640
肉桂,2641
果仁,2642
玫瑰,2643
肉桂,2644
辛辣調,2645
檀香,2646
雪松,2647
白麝香,2648
金銀花鈴蘭花香,2649
水香調,2650
香菜,2651
含羞草,2652
橙花,2653
晚香玉,2654
梔子,2655
黑加侖,2656
松木,2657
柏木,2658
玫瑰,2659
茉莉,2660
依蘭,2661
香菜,2662
含羞草,2663
晚香玉,2664
紫羅蘭,2665
nan,2666
天竺葵,2667
土耳其玫瑰,2668
木蘭,2669
茉莉,2670
帕爾馬紫羅蘭,2671
玫瑰,2672
檀香茉莉亞麻,2673
香料,2674
波斯樹脂,2675
茉莉花,2676
皮革,2677
晚香玉,2678
鳶尾,2679
虹膜,2680
茉莉,2681
橙花,2682
杏仁木,2683
花,2684
蘭花,2685
茉莉,2686
橙花,2687
牡丹康乃馨茉莉花,2688
糖煮的玫瑰,2689
桃花蜜,2690
海藻綠葉精華,2691
橙花,2692
紫羅蘭葉,2693
蓮花,2694
玫瑰,2695
紫羅蘭,2696
紫羅蘭葉,2697
花香,2698
中調海石榴,2699
百合花,2700
黃梔子,2701
香雪蘭,2702
玫瑰花,2703
牡丹花,2704
茉莉花,2705
君影草,2706
玉蘭,2707
日本櫻花,2708
常春藤,2709
仙客來,2710
小荳蔻,2711
粉紅胡椒,2712
肉荳蔻,2713
雪松,2714
野生玫瑰,2715
香料,2716
薰衣草,2717
棉花,2718
波西多尼亞海草,2719
杜松子,2720
薰衣草,2721
肉桂,2722
茉莉,2723
鳶尾根,2724
綠葉,2725
油桃,2726
牡丹,2727
生薑,2728
蘇葉,2729
大馬士革玫瑰,2730
玉蘭,2731
雪松,2732
蘋果,2733
黑醋栗,2734
茉莉花,2735
白巧克力,2736
粉紅胡椒,2737
百香果,2738
玫瑰,2739
百合,2740
谷玉蘭,2741
非洲紫羅蘭,2742
羅勒,2743
雪松,2744
山間空氣,2745
荳蔻,2746
花卉,2747
辣椒,2748
鼠尾草,2749
天竺葵,2750
紫羅蘭葉,2751
橙花茉莉白茶,2752
茉莉,2753
百合即用的谷,2754
牡丹,2755
香橙花,2756
茉莉花茶,2757
蓮花,2758
茉莉花,2759
粉紅胡椒,2760
牡丹,2761
玉蘭,2762
鳶尾花,2763
綠葉,2764
小蒼蘭,2765
羅勒,2766
茉莉,2767
香菜,2768
香草,2769
百合谷,2770
玫瑰,2771
杏仁開花,2772
小蒼蘭,2773
蘭花,2774
木瓜,2775
茉莉,2776
玉蘭,2777
鈴蘭,2778
生薑,2779
鼠尾草,2780
薰衣草,2781
四川花椒天竺葵,2782
鳳梨,2783
黑加倫子,2784
玫瑰,2785
茉莉,2786
蓮花,2787
蜂蜜,2788
康乃馨,2789
肉桂,2790
鳶尾根,2791
香根草,2792
雪松,2793
玫瑰,2794
錦緞玫瑰,2795
茉莉花,2796
牡丹,2797
桃子,2798
降龍涎香醚,2799
快樂鼠尾草,2800
天竺葵,2801
黃綠相間,2802
白櫻花,2803
綠茶,2804
沙巴茉莉,2805
白牡丹葉,2806
玫瑰,2807
紫羅蘭,2808
小蒼蘭,2809
茉莉,2810
粉紅胡椒茉莉,2811
茶玫瑰,2812
肉桂,2813
香,2814
仙客來,2815
桂花,2816
鳶尾根,2817
茉莉,2818
玫瑰,2819
艾蕎百合花金盞花水仙花,2820
黑胡椒,2821
黑色羅勒,2822
小荳蔻,2823
皮革,2824
茉莉花,2825
桃花,2826
玫瑰,2827
麝,2828
鳶尾花,2829
沙巴茉莉,2830
玫瑰,2831
茉莉花,2832
橙花,2833
弗吉尼亞雪松,2834
杜松子,2835
羅勒,2836
木質元素,2837
玉蘭,2838
茉莉,2839
綠茶,2840
無花果,2841
白米,2842
玫瑰花油,2843
黑蓬蒿,2844
紫羅蘭,2845
伴侶,2846
虹膜,2847
天竺葵,2848
白玫瑰,2849
竹,2850
茉莉花,2851
薰衣草,2852
香菜,2853
橙花,2854
薄荷,2855
小荳蔻,2856
紅茶,2857
天竺葵,2858
黃金麝香,2859
依蘭,2860
茉莉,2861
梔子花瓣,2862
粉紅胡椒,2863
紫羅蘭葉,2864
蓮花,2865
山楂,2866
玫瑰,2867
木質元素琥珀,2868
苦橙,2869
榛子,2870
萬壽菊,2871
茉莉,2872
玫瑰,2873
奧里斯,2874
橙花,2875
桃子,2876
羅勒,2877
薄荷,2878
勞丹脂,2879
肉荳蔻,2880
香料,2881
康乃馨,2882
廣藿香,2883
茉莉,2884
香根草,2885
玫瑰,2886
松樹針,2887
天竺葵,2888
牡丹小蒼蘭紅莓玫瑰,2889
鼠尾草,2890
薰衣草,2891
天竺葵,2892
葡萄柚花,2893
茉莉花,2894
玫瑰,2895
月下香依蘭,2896
鳶尾花,2897
玫瑰,2898
檀香,2899
麝香,2900
梨,2901
板栗,2902
杜松,2903
菠蘿,2904
肉荳蔻,2905
綠草羅勒,2906
仙客來,2907
香菜,2908
康乃馨,2909
廣藿香,2910
胡椒,2911
香脂冷杉,2912
鳶尾根,2913
茉莉,2914
鈴蘭,2915
玫瑰,2916
天竺葵,2917
粉紅胡椒,2918
夜來香,2919
薰衣草,2920
紫羅蘭,2921
茉莉,2922
肉豆蔻,2923
茉莉,2924
橙花,2925
椰子,2926
蜃樓梅,2927
水,2928
仙客來,2929
紫羅蘭,2930
煙草,2931
沒藥,2932
茉莉,2933
安息香,2934
油桃,2935
綠茶,2936
油桃花,2937
肉豆蔻,2938
胡椒,2939
蜂蜜,2940
橙花,2941
鳶尾根,2942
雪松,2943
橡苔,2944
龍涎香,2945
鳶尾花,2946
風信子,2947
天芥菜,2948
丁香,2949
百合谷,2950
橙花,2951
茉莉花,2952
奈若利橙花,2953
天竺葵,2954
鈴蘭,2955
茴香,2956
nan,2957
安息香,2958
香,2959
蓮花,2960
牡丹,2961
油桃,2962
杏仁香草皮革鳶尾根,2963
香料,2964
檀香木,2965
芫荽,2966
橡苔,2967
雪松,2968
橙花,2969
茉莉,2970
玫瑰,2971
降龍涎香,2972
天竺葵,2973
玫瑰,2974
煙草,2975
玫瑰,2976
茉莉,2977
依蘭依蘭,2978
薰香,2979
茉莉,2980
番石榴,2981
百香果,2982
夜來香,2983
蜂蜜,2984
夜間曇花,2985
天竺葵,2986
薰衣草,2987
鼠尾草,2988
多香果,2989
木蘭,2990
玫瑰,2991
百合,2992
罌粟花,2993
蘭花,2994
茉莉,2995
鈴蘭,2996
玫瑰,2997
蒂亞雷花,2998
可可豆莢,2999
橘子,3000
迷迭香,3001
茉莉,3002
虹膜,3003
玫瑰,3004
海鹽鼠尾草,3005
玫瑰花瓣,3006
玉蘭,3007
天竺葵,3008
蒿木,3009
薰衣草,3010
海洋協調,3011
姜,3012
玫瑰,3013
木蘭花,3014
丁香,3015
亞麻,3016
茉莉,3017
苦杏仁,3018
薰衣草,3019
梨花,3020
玫瑰,3021
茉莉花,3022
茉莉,3023
明星玉蘭,3024
馬利布罌粟,3025
金銀花,3026
椴樹開花,3027
提拉米蘇,3028
橙花,3029
依蘭依蘭,3030
糖蘭,3031
薰衣草,3032
天竺葵,3033
香根草,3034
廣藿香,3035
鼠尾草,3036
雪松,3037
牡丹,3038
木蘭,3039
蓮花,3040
牡丹,3041
茉莉,3042
橙花,3043
橙子,3044
黑色皮革,3045
冷杉樹脂,3046
肉荳蔻,3047
胡椒蘇打木材,3048
菸葉,3049
尼羅河睡蓮,3050
青草香氣,3051
茉莉,3052
危地馬拉荳蔻,3053
杜松子,3054
蘋果,3055
天竺葵,3056
麝香,3057
小蒼蘭,3058
晚香玉茉莉花,3059
玉蘭,3060
香根草,3061
胡椒,3062
花卉香味,3063
茉莉,3064
水仙,3065
黑莓,3066
黑可可,3067
茉莉花,3068
黃牡丹,3069
玫瑰,3070
梔子花,3071
艾蒿,3072
天竺葵,3073
香菜,3074
麂皮,3075
咖啡,3076
菸葉,3077
夜蘭花,3078
小蒼蘭,3079
鳶尾,3080
天竺葵,3081
茉莉,3082
依蘭,3083
金銀花,3084
丁香,3085
杜松子,3086
薰衣草,3087
沙巴茉莉,3088
玉蘭,3089
桃子,3090
紫羅蘭,3091
小蒼蘭,3092
玉蘭,3093
荳蔻,3094
康乃馨,3095
皮甲,3096
洋甘菊,3097
胡椒,3098
茉莉,3099
玫瑰,3100
天竺葵,3101
茉莉花桑巴,3102
橙花,3103
桂花,3104
金銀花,3105
茉莉花桑巴克,3106
杏仁花,3107
柑橘類,3108
檀香,3109
杜松子,3110
廣藿香,3111
香根草,3112
雪松及小荳蔻,3113
木蘭花,3114
菠蘿,3115
肉桂,3116
玫瑰,3117
杜松子黑胡椒,3118
阿特拉斯雪松,3119
精緻,3120
芳香薰衣草,3121
奈若利谷,3122
鈴蘭,3123
迷迭香,3124
花卉,3125
茉莉花,3126
紫羅蘭,3127
香根草,3128
麝香,3129
白花,3130
玫瑰和茉莉花,3131
茉莉,3132
蒂亞雷花,3133
軟牡丹,3134
牡丹,3135
玫瑰,3136
晚香玉玉蘭,3137
粉紅胡椒,3138
天竺葵玫瑰胡椒,3139
迷迭香,3140
香料,3141
柏樹,3142
鼠尾草,3143
香草,3144
埃及茉莉,3145
蓮花,3146
丁香,3147
木香,3148
雪松,3149
龍蒿,3150
鼠尾草,3151
胡椒,3152
桃子筆記,3153
紫羅蘭色,3154
橙色開花,3155
橙花,3156
錦緞玫瑰,3157
茉莉,3158
百合,3159
水,3160
杜松子,3161
肉荳蔻,3162
天竺葵,3163
香脂冷杉,3164
鐵杉,3165
辛辣的四川辣椒,3166
通風的紫羅蘭葉,3167
濃鬱的柑橘,3168
薰衣草,3169
天竺葵,3170
鳶尾,3171
紫羅蘭,3172
茉莉,3173
賢哲,3174
檀香,3175
綠色元素,3176
天竺葵,3177
薰衣草,3178
杜松,3179
胡椒,3180
康乃馨,3181
廣藿香,3182
鳶尾根,3183
羅勒,3184
茉莉,3185
雪松,3186
肉荳蔻,3187
睡蓮,3188
李子,3189
肉桂,3190
杜松子,3191
白木,3192
紫羅蘭,3193
茉莉,3194
茶香悠長和讓人回味無窮尾調是琥珀,3195
雪松,3196
成熟與稚嫩的角質,3197
感受沉穩的木質香氣,3198
荔枝,3199
姜,3200
薰衣草,3201
白玫瑰,3202
粉色風信子,3203
木蘭,3204
木瓜,3205
皮革,3206
黑胡椒,3207
樹林,3208
香根草,3209
茉莉,3210
百合,3211
茉莉,3212
白玫瑰,3213
雞蛋花,3214
萬壽菊,3215
茉莉花,3216
麝香,3217
琥珀,3218
玉蘭,3219
牡丹,3220
仙客來,3221
荳蔻,3222
木犀草,3223
錫蘭肉桂,3224
波旁天竺葵,3225
仙客來,3226
蘭花,3227
玫瑰,3228
牡丹,3229
玫瑰,3230
鳶尾花,3231
茉莉,3232
茉莉花桑巴,3233
晚香玉,3234
奧里斯,3235
柏,3236
蘭,3237
玉蘭,3238
小蒼蘭,3239
玫瑰,3240
小穀物,3241
非洲橙花,3242
山楂,3243
玫瑰,3244
粉紅色的,3245
橙花,3246
橡苔,3247
玫瑰,3248
茉莉,3249
椰子,3250
橙花,3251
木蘭花,3252
桃花,3253
玫瑰,3254
海洋元素,3255
玫瑰絕對,3256
橙花,3257
肉桂,3258
薰衣草,3259
肉桂,3260
肉荳蔻,3261
香菜,3262
生薑,3263
芫荽,3264
百合,3265
茉莉花瓣,3266
粉紅金銀花,3267
玫瑰,3268
天竺葵,3269
藏紅花,3270
胡椒,3271
乳香,3272
橙花,3273
大馬士革玫瑰,3274
雞血石,3275
白色梔子花赤素馨花,3276
香菜,3277
雪松,3278
豆蔻,3279
芹菜,3280
香菜,3281
肉荳蔻,3282
紫羅蘭,3283
胡椒,3284
薰衣草,3285
荳蔻,3286
茉莉,3287
百合,3288
牡丹,3289
鳶尾花,3290
海洋調,3291
茉莉,3292
玫瑰,3293
薰衣草,3294
紫羅蘭,3295
黑胡椒,3296
生薑,3297
茉莉,3298
玫瑰,3299
鈴蘭,3300
天竺葵,3301
藏紅花,3302
豆蔻,3303
玉蘭,3304
白花,3305
茉莉,3306
晚香玉,3307
玉蘭,3308
玫瑰,3309
牡丹,3310
梨,3311
蘋果,3312
橙花,3313
廣藿香,3314
可可,3315
百合,3316
白牡丹,3317
黑莓,3318
檀香,3319
絲木開花,3320
含羞草,3321
紫羅蘭,3322
白木,3323
檀香,3324
鳶尾花,3325
玫瑰花瓣,3326
橙花,3327
胡椒香葉,3328
檀木,3329
雪松,3330
蘋果,3331
冷杉,3332
雪松,3333
薰衣草,3334
紫羅蘭,3335
小豆蔻,3336
胡椒,3337
橙花,3338
薰衣草,3339
橙花,3340
薰衣草,3341
肉荳蔻,3342
百合小蒼蘭大黃對叉二酮分子,3343
橙色開花,3344
茉莉花,3345
中國天竺葵,3346
茶葉,3347
馬黛茶,3348
鳶尾花,3349
粉紅石榴,3350
粉紅蘭花,3351
鳶尾花,3352
百合紫丁香蓮花,3353
楊桃,3354
雪松,3355
廣藿香,3356
虹膜,3357
茉莉花,3358
玫瑰,3359
白花,3360
非洲橙花,3361
丁香,3362
麝香,3363
深色廣藿香,3364
開司米,3365
木材,3366
海洋元素,3367
黑鹽,3368
玫瑰,3369
五月玫瑰,3370
白桃,3371
木蘭,3372
蘭花,3373
玫瑰,3374
玫瑰鈴蘭苿莉,3375
茉莉,3376
金銀花,3377
綠茶,3378
茉莉,3379
牡丹,3380
紫,3381
含羞草薄荷棉花,3382
紫羅蘭,3383
牡丹,3384
大馬士革玫瑰,3385
茉莉,3386
天竺葵,3387
鳶尾草,3388
肉荳蔻,3389
姜,3390
咖啡,3391
鼠尾草,3392
薰衣草,3393
胡椒,3394
茉莉,3395
絨面革,3396
玫瑰木瓜木蘭,3397
天竺葵,3398
廣藿香,3399
雪松,3400
香根草的木香,3401
橙花,3402
茉莉,3403
瓊木,3404
虹膜,3405
黑醋栗,3406
海水,3407
姜,3408
紅蘋果,3409
藏紅花,3410
丁香,3411
肉桂,3412
勞丹脂,3413
薰衣草,3414
茉莉,3415
鼠尾草,3416
杏仁,3417
薄荷,3418
愈創木,3419
橙花,3420
白花,3421
玫瑰,3422
百合,3423
桃子,3424
肉荳蔻,3425
麝香羊絨,3426
皮革,3427
海洋,3428
香草,3429
鹽,3430
山谷百合,3431
薔薇花,3432
仙客來,3433
康乃馨,3434
肉桂,3435
龍蒿,3436
茉莉,3437
玫瑰,3438
芳香的綠色植物,3439
百合和橙色花朵,3440
晚香玉,3441
桃子,3442
茉莉,3443
依蘭依蘭,3444
微微辛辣的粉紅胡椒,3445
茉莉,3446
無花果,3447
糅合剛性與柔美的香調,3448
玫瑰,3449
木蘭,3450
梔子花,3451
日本桂花,3452
紫羅蘭,3453
茉莉,3454
玫瑰,3455
香料,3456
杜松,3457
水調,3458
小荳蔻,3459
白色梔子花,3460
赤素馨花,3461
羅勒白百里香苿莉,3462
茉莉,3463
鈴蘭,3464
金銀花,3465
玫瑰,3466
沉香木沉香木,3467
快樂鼠尾草,3468
茉莉,3469
荷花,3470
白桃,3471
紫藤,3472
茉莉,3473
荔枝,3474
紫羅蘭葉,3475
橙,3476
柑橘,3477
玫瑰,3478
百合和木香,3479
茉莉,3480
姜,3481
鼠尾草,3482
天竺葵,3483
薰衣草,3484
枯茗,3485
水果香,3486
焚香,3487
杜松,3488
紫羅蘭,3489
茉莉,3490
小茴香,3491
肉桂,3492
鼠尾草,3493
西瓜,3494
黃瓜,3495
荷花,3496
茉莉花,3497
含羞草,3498
玫瑰,3499
乳白色的虹膜,3500
小豆蔻,3501
肉豆蔻,3502
迷迭香,3503
薰衣草,3504
海水,3505
杜松子,3506
茉莉,3507
棉花,3508
薰衣草,3509
小蒼蘭,3510
甜豌豆,3511
茉莉,3512
玫瑰,3513
木質元素,3514
天竺葵,3515
黑莓,3516
桉樹,3517
丁香,3518
茉莉,3519
肉荳蔻,3520
紫羅蘭,3521
鳶尾根,3522
茉莉,3523
玫瑰,3524
百合,3525
櫻花,3526
赤素馨花,3527
雞血石,3528
小茴香雪松乳香,3529
紫丁香,3530
海芋百合,3531
水仙玫瑰木,3532
丹參,3533
薰衣草,3534
紅色藏紅花,3535
肉桂,3536
茉莉,3537
玫瑰,3538
荳蔻,3539
陵香豆,3540
檀香木,3541
藏紅花,3542
橙花,3543
木質元素,3544
香檸檬,3545
橘子,3546
羅勒,3547
鼠尾草,3548
薰衣草,3549
土耳其玫瑰,3550
保加利亞玫瑰,3551
紫羅蘭葉,3552
金銀花,3553
菩提樹開花,3554
茉莉鈴蘭金銀花,3555
nan,3556
天竺葵,3557
鼠尾草,3558
牡丹,3559
茉莉花,3560
nan,3561
晚香玉,3562
花園玫瑰,3563
杏子,3564
莉莉肖素蘭,3565
蘋果,3566
香料,3567
生薑,3568
紫色小蒼蘭,3569
薰衣草,3570
柏樹,3571
藍茶,3572
虹膜,3573
琥珀,3574
可可,3575
小荳蔻,3576
椰奶,3577
菠蘿,3578
菠蘿,3579
雪松,3580
香根草,3581
肉桂,3582
覆盆子,3583
玫瑰,3584
茉莉,3585
檀木,3586
牡丹,3587
甜豌豆,3588
吲哚,3589
鳶尾花,3590
鳶尾跟,3591
茉莉,3592
天薺菜,3593
鈴蘭,3594
玫瑰,3595
桂花,3596
菸草,3597
香,3598
勞丹脂,3599
紫羅蘭,3600
粉紅胡椒,3601
薰衣草,3602
保加利亞玫瑰,3603
土耳其玫瑰,3604
嫣紅牡丹,3605
快樂鼠尾草,3606
紫羅蘭花瓣,3607
茉莉花,3608
柑桔佛手柑天竺葵,3609
茉莉,3610
百合,3611
玫瑰果,3612
杜松,3613
苦橙,3614
晚香玉,3615
茉莉,3616
金銀花,3617
仰光爬行者,3618
橡苔天竺葵香豆素蘋果玫瑰分子,3619
茉莉,3620
金銀花,3621
紫羅蘭,3622
天竺葵,3623
玫瑰,3624
廣藿香,3625
肉豆蔻,3626
鼠尾草,3627
薰衣草,3628
天芥花鈴蘭花茉莉花,3629
紫羅蘭葉,3630
薄荷油,3631
黑香草,3632
薰衣草,3633
迷迭香,3634
茉莉,3635
肉豆蔻,3636
黑丁香白牡丹非洲卡羅花,3637
埃及茉莉,3638
亞麻,3639
紫羅蘭,3640
睡蓮,3641
胡椒,3642
白桃,3643
堅果,3644
羊絨木,3645
薰衣草,3646
紫羅蘭,3647
紅茶,3648
紫羅蘭葉,3649
小蒼蘭,3650
茉莉花,3651
玫瑰,3652
橙花,3653
晚香玉,3654
薰衣草,3655
柏樹,3656
肉桂,3657
肉豆蔻,3658
飛燕草,3659
鳶尾,3660
山谷百合,3661
紫羅蘭,3662
白玫瑰,3663
廣藿香,3664
鳶尾草,3665
四川辣椒,3666
紫羅蘭葉,3667
柑橘,3668
廣藿香,3669
玫瑰,3670
茉莉,3671
紫羅蘭,3672
沉香,3673
朗姆酒快樂鼠尾草香根草,3674
白醋栗,3675
牡丹,3676
茉莉,3677
天芥菜,3678
茉莉,3679
芙蓉花,3680
保加利亞玫瑰,3681
鳶尾根,3682
睡蓮,3683
雪松,3684
土耳其玫瑰,3685
白花,3686
露珠,3687
野玫瑰,3688
綠色筆記,3689
茉莉花,3690
睡蓮,3691
水仙,3692
孤挺花,3693
小蒼蘭,3694
鈴蘭,3695
柑橘,3696
橙花,3697
小荳蔻芫荽,3698
香根草,3699
檀香,3700
琥珀,3701
羊絨木,3702
玫瑰,3703
綠色元素,3704
茶,3705
nan,3706
花香元素,3707
黑醋栗,3708
橡苔,3709
沙巴茉莉,3710
百里香,3711
桃牡丹,3712
尼羅河睡蓮,3713
青草香氣後調,3714
鳶尾花,3715
土耳其玫瑰,3716
橙花,3717
千金子藤,3718
玫瑰,3719
黑加侖,3720
白茉莉,3721
茉莉葉,3722
蜂蜜,3723
鈴蘭,3724
水調,3725
橙花,3726
梔子,3727
牛奶,3728
玫瑰,3729
怕羞草,3730
皮革,3731
沒藥,3732
茉莉,3733
玫瑰,3734
飛燕草,3735
茉莉,3736
含羞草,3737
晚香玉,3738
仙客來,3739
香菜,3740
康乃馨,3741
虹膜,3742
胡椒,3743
癒創木,3744
巴西紅木,3745
天竺葵,3746
荳蔻,3747
弗吉尼亞雪松,3748
茉莉花,3749
玉蘭花,3750
姜,3751
薄荷,3752
肉豆蔻,3753
薰衣草,3754
荷花,3755
含羞草,3756
馬黛茶,3757
小蒼蘭,3758
茉莉,3759
玫瑰,3760
百合谷,3761
茉莉花,3762
百合,3763
梅花,3764
海水茉莉玫瑰,3765
香根草,3766
雪松,3767
天竺葵,3768
蓮花,3769
納西梨,3770
橙色的花,3771
梔子,3772
百合,3773
棕櫚樹,3774
水仙,3775
肉桂苦橙葉橙花,3776
海水,3777
紫羅蘭葉子,3778
玫瑰花瓣木蘭,3779
天竺葵,3780
桃,3781
丁香,3782
茉莉,3783
水仙,3784
百合,3785
百合,3786
洗衣香,3787
天芥菜,3788
鼠尾草胡荽小蒼蘭基調檀香木笞雪松適合用來營造浪漫情調,3789
玫瑰,3790
葡萄柚,3791
辣荳蔻,3792
粉紅胡椒,3793
水生,3794
多葉,3795
果味桃形目,3796
茉莉茉莉,3797
鈴蘭,3798
蜂蜜,3799
山楂,3800
茉莉,3801
睡蓮,3802
鈴蘭,3803
蓮花,3804
玫瑰,3805
玫瑰花瓣小花茉莉木蘭,3806
廣香,3807
天竺葵,3808
香根草雪松,3809
白色小蒼蘭野玫瑰,3810
橙花,3811
紫羅蘭,3812
茉莉,3813
天竺葵,3814
薰衣草,3815
杜松子,3816
水香,3817
玫瑰,3818
牡丹,3819
老鸛草,3820
雪松,3821
玫瑰,3822
馬卡龍,3823
茉莉,3824
山楂,3825
琥珀,3826
檀香,3827
廣藿香,3828
紫羅蘭,3829
天芥菜,3830
木蘭,3831
小蒼蘭,3832
玫瑰,3833
大馬士革,3834
牡丹,3835
茉莉,3836
桃子,3837
苦杏仁,3838
薰衣草,3839
茉莉,3840
鼠尾草,3841
晚香玉,3842
茉莉,3843
使君子,3844
茉莉花,3845
茉莉花,3846
阿爾卑斯茉莉,3847
玫瑰,3848
櫻花,3849
百合,3850
茉莉花,3851
大花茉莉精粹,3852
木蘭,3853
茉莉精粹,3854
玫瑰香氣,3855
小蒼蘭,3856
百合谷,3857
天竺葵,3858
綠茶,3859
玫瑰,3860
橙花,3861
梔子,3862
天竺葵,3863
玫瑰,3864
薰衣草,3865
茉莉,3866
鼠尾草,3867
天芥菜,3868
百合,3869
金色的木瓜,3870
天竺葵葉,3871
小蒼蘭,3872
玫瑰,3873
辛香調,3874
茉莉,3875
覆盆子,3876
玫瑰,3877
玫瑰花瓣,3878
杏,3879
水果雞尾酒,3880
含羞草,3881
玉蘭,3882
牡丹,3883
小蒼蘭,3884
鈴蘭,3885
紅莓,3886
茉莉,3887
桃子,3888
依蘭,3889
晚香玉,3890
沙巴茉莉,3891
木蘭,3892
胡椒,3893
生薑,3894
迷迭香,3895
薰衣草,3896
天竺葵,3897
生薑,3898
玫瑰,3899
菸草,3900
小蒼蘭,3901
天竺葵,3902
大麻,3903
夜花,3904
蠟像,3905
紫羅蘭葉,3906
大馬士革玫瑰鮮玫瑰莖,3907
桂花,3908
玫瑰,3909
琥珀,3910
百合,3911
雪松,3912
愈創木,3913
棕櫚果,3914
曼陀羅,3915
天竺葵,3916
茉莉,3917
荔枝,3918
玫瑰,3919
樺木,3920
廣藿香,3921
玫瑰,3922
摩洛哥茉莉,3923
茉莉花,3924
鈴蘭,3925
玫瑰,3926
天竺葵,3927
牡丹,3928
金銀花,3929
茉莉,3930
甜瓜,3931
桃子,3932
歐泊,3933
茉莉花,3934
帕爾馬紫羅蘭,3935
香味粉紅胡椒,3936
菠蘿葉,3937
甜瓜,3938
麂皮,3939
薰衣草,3940
姜,3941
肉桂,3942
香根草,3943
薰衣草,3944
廣香,3945
丁香,3946
鼠尾草,3947
肉荳蔻,3948
粉紅胡椒,3949
廣藿香,3950
皮革,3951
香根草,3952
琥珀,3953
果子狸,3954
藏紅花,3955
肉桂,3956
黑胡椒,3957
海水,3958
紫羅蘭木梨,3959
玫瑰,3960
康乃馨,3961
素馨花原精玉蘭花香調阿拉伯茉莉原精大馬士革玫瑰,3962
激情花,3963
蘭花,3964
鳶尾花,3965
麝香,3966
丁香,3967
玫瑰茉莉鳶尾花,3968
夜來香,3969
梅花,3970
紫羅蘭,3971
蘭花,3972
牡丹,3973
玉蘭,3974
浪漫的玫瑰和粉紫羅蘭,3975
咖啡豆,3976
鈴蘭,3977
玫瑰,3978
保加利亞玫瑰,3979
蘋果,3980
弗吉尼亞,3981
雪松,3982
杉樹脂,3983
白色香根草,3984
黑牡丹,3985
夜晚盛開,3986
茉莉花,3987
玫瑰,3988
晚香玉,3989
小蒼蘭,3990
危地馬拉小荳蔻,3991
琥珀,3992
麝香,3993
肉桂,3994
依蘭,3995
香草,3996
花香調,3997
皮革,3998
覆盆莓花玫瑰原精,3999
晚香玉茉莉橙花仰光爬山虎,4000
紫羅蘭葉,4001
白玫瑰,4002
姜,4003
海調,4004
薰衣草,4005
艾蒿,4006
蜂蜜,4007
晚香玉,4008
鳶尾根,4009
茉莉,4010
雪松,4011
月桂葉,4012
茉莉花,4013
尼羅河睡蓮,4014
青草香氣後調,4015
荳蔻,4016
紅杉木材,4017
茉莉,4018
依蘭,4019
天芥菜,4020
玫瑰,4021
朱頂紅,4022
水仙,4023
荷花,4024
白色的花,4025
小蒼蘭,4026
金銀花,4027
伴隨著淡雅的水生植物荷花及蓮花的清香同時俱備了動感與平靜時的喜悅,4028
修容皁,4029
焚香,4030
松樹,4031
鳶尾根,4032
晚香玉,4033
櫻花,4034
鈴蘭,4035
紅椒,4036
甘椒,4037
肉桂,4038
紅茶,4039
非洲橙花,4040
水,4041
小荳蔻,4042
迷迭香,4043
康乃馨,4044
梔子,4045
紫,4046
蘭,4047
鳶尾根,4048
依蘭,4049
天竺葵,4050
薰衣草,4051
野生茉莉,4052
水汪汪,4053
桃,4054
蘋果,4055
玫瑰,4056
青蘋果,4057
鳳梨,4058
西番蓮花麝香,4059
夾竹桃夾竹桃,4060
玫瑰,4061
成就,4062
管玫瑰,4063
鳶尾根,4064
風信子,4065
白桃,4066
素馨花玉蘭花茉莉大馬士革玫瑰,4067
辛香料,4068
康乃馨,4069
晚香玉,4070
薰衣草,4071
茉莉,4072
玫瑰,4073
水仙花,4074
公丁香,4075
月桂葉,4076
白花,4077
麝香,4078
梨,4079
檀香木,4080
茉莉,4081
荷花,4082
牡丹,4083
草莓,4084
桑葚,4085
奧里斯,4086
羅勒,4087
馬鞭草,4088
克拉裏鼠尾草,4089
薰香,4090
勞丹脂,4091
依蘭,4092
玫瑰,4093
蜂蜜,4094
玫瑰,4095
梔子花,4096
天竺葵,4097
睡蓮,4098
果子狸,4099
粉紅色小蒼蘭,4100
茉莉,4101
玫瑰,4102
中國雪松,4103
鼠尾草,4104
玫瑰,4105
小蒼蘭,4106
蒙古,4107
牡丹,4108
廣藿香,4109
托斯卡納鳶尾花,4110
茉莉,4111
香草精,4112
薑花,4113
茉莉,4114
橙花,4115
桃,4116
玫瑰,4117
晚香玉茉莉鈴蘭玫瑰巴西紅木葛縷子,4118
蓮花,4119
蘭花,4120
玫瑰花瓣木蘭,4121
鼠尾草小荳蔻蘋果薰衣草,4122
椰奶,4123
白芍藥,4124
香味檸檬,4125
格蘭尼史密斯蘋果,4126
鈴蘭花,4127
麝香,4128
龍舌蘭酒,4129
柚木,4130
玉蘭,4131
茉莉,4132
生薑,4133
胡椒,4134
仙客來,4135
松樹,4136
生薑,4137
胡椒,4138
茉莉,4139
肉豆蔻花,4140
草藥元素,4141
蒿,4142
黑胡椒,4143
天竺葵,4144
埃萊米,4145
紫羅蘭露,4146
杜松子,4147
薰衣草,4148
甜豌豆,4149
木香調,4150
茉莉花,4151
桑巴克,4152
奈若利,4153
馬鞭草,4154
小豆蔻,4155
紫羅蘭葉,4156
楊桃,4157
皮革,4158
肉荳蔻,4159
弗吉尼亞雪松,4160
茉莉,4161
玫瑰油,4162
黑蘭花,4163
天芥菜,4164
木蘭,4165
杏仁乳,4166
玫瑰,4167
紫羅蘭,4168
丁香,4169
鳶尾,4170
茉莉花,4171
鈴蘭,4172
蘭花,4173
鳶尾花,4174
玫瑰,4175
胡椒,4176
廣藿香,4177
鼠尾草,4178
根,4179
茉莉,4180
豆蔻,4181
茉莉,4182
麥當娜百合,4183
晚香玉,4184
桃子,4185
覆盆子,4186
紅蘋果花,4187
茉莉花,4188
香菜小荳蔻粉紅胡椒,4189
橙花,4190
迷迭香,4191
天竺葵,4192
肉荳蔻,4193
怕羞草皮革,4194
梔子花,4195
金銀花,4196
茉莉花,4197
橙色開花,4198
咖啡,4199
牡丹,4200
香菜,4201
杏仁,4202
茉莉花,4203
石蒜,4204
澤西冬青,4205
玉蘭,4206
錦緞玫瑰,4207
香檳,4208
橙花,4209
李子,4210
牛奶,4211
薰衣草,4212
天竺葵,4213
迷迭香,4214
小蒼蘭,4215
綠茶,4216
肉荳蔻,4217
天竺葵,4218
胡椒,4219
鳶尾花,4220
紫羅蘭,4221
薰衣草,4222
晚香玉,4223
玫瑰,4224
茉莉,4225
蓮花,4226
皮革,4227
乳香,4228
藏紅花,4229
茉莉花,4230
玫瑰,4231
虹膜,4232
紫羅蘭,4233
茉莉,4234
繡球花,4235
虹膜,4236
桂花,4237
玫瑰,4238
茉莉,4239
覆盆子冰糕,4240
黃色小蒼蘭,4241
橙花,4242
茉莉,4243
百合谷,4244
玉蘭,4245
香菜,4246
杜松,4247
豆蔻,4248
玫瑰,4249
苿莉,4250
玫瑰,4251
香根草,4252
雪松,4253
向日葵,4254
洋甘菊,4255
玫瑰,4256
小荳蔻,4257
紫羅蘭,4258
晚香玉,4259
素馨花,4260
小蒼蘭玫瑰鈴蘭,4261
由鳶尾花,4262
玫瑰,4263
香料,4264
棕櫚葉,4265
蜂蜜,4266
康乃馨,4267
肉桂,4268
鳶尾根,4269
橙花,4270
玉蘭,4271
杏仁,4272
鳶尾花,4273
咖啡,4274
琥珀,4275
鼠尾草,4276
薄荷,4277
生薑,4278
依蘭,4279
晚香玉,4280
乳香,4281
卡薩布蘭卡百合,4282
依蘭依蘭,4283
雪松,4284
橙花,4285
愈創木,4286
豆蔻,4287
紫羅蘭,4288
艾蒿,4289
鼠尾草,4290
青蘋果,4291
薰衣草,4292
胡椒,4293
龍舌蘭酒,4294
檀香,4295
小荳蔻,4296
玫瑰花蕾,4297
托斯卡納虹膜,4298
木材,4299
肉桂,4300
紫羅蘭,4301
香菜,4302
晚香玉,4303
牡丹,4304
茉莉,4305
玫瑰,4306
木蘭,4307
紫羅蘭,4308
牡丹,4309
茉莉花,4310
茉莉,4311
水,4312
百合,4313
肉荳蔻康乃馨晚香玉紫羅蘭桃子茉莉依蘭玫瑰,4314
虹膜,4315
天竺葵,4316
大黃,4317
薰衣,4318
雪松紙莎草鳶尾,4319
牡丹,4320
康乃馨麝香茉莉橡苔白琥珀茴香,4321
紫羅蘭葉黑胡椒紙沙木龍涎香廣藿香,4322
鳶尾花,4323
黑木,4324
米飯蒸,4325
玫瑰,4326
牡丹,4327
木蘭,4328
蜜餞杏仁,4329
白芍,4330
糖,4331
蜂蜜,4332
杏,4333
黑莓,4334
梅,4335
蘭,4336
桃花,4337
茉莉,4338
紅漿果,4339
玫瑰百合,4340
茉莉,4341
迷迭香,4342
玫瑰,4343
鈴蘭,4344
百合,4345
李子,4346
茉莉,4347
鈴蘭,4348
土耳其玫瑰,4349
茉莉,4350
橙花,4351
雞血石,4352
姜,4353
芳香薰衣草,4354
紫羅蘭休假,4355
茉莉,4356
玫瑰,4357
薰衣草,4358
香根草,4359
天竺葵,4360
鼠尾草,4361
丁香,4362
薰衣草,4363
杜松,4364
杜松子酒,4365
薰衣草葉,4366
鳶尾,4367
廣香,4368
茉莉花,4369
櫻花,4370
紫蘇,4371
丁香,4372
百里香,4373
杜松子酒,4374
胡椒粉,4375
晚香玉,4376
依蘭依蘭,4377
茉莉,4378
牡丹,4379
綠色元素,4380
金銀花,4381
蘭花,4382
薰衣草,4383
橙花,4384
鼠尾草,4385
玫瑰牡丹,4386
黑色無花果,4387
水果味,4388
開心果,4389
廣藿香,4390
大馬士革玫瑰,4391
茉莉花,4392
鳶尾花,4393
橙花,4394
香味佛手柑,4395
薰衣草,4396
天竺葵,4397
橡樹苔,4398
積雪草,4399
薰衣草,4400
香草,4401
安息香,4402
柑橘,4403
檸檬,4404
梨,4405
黑醋栗和拉巴旦,4406
甜瓜果味,4407
薰衣草,4408
晚香玉,4409
百合,4410
玫瑰,4411
西瓜,4412
鹽,4413
水,4414
羊絨木,4415
花,4416
香根草,4417
